subject_id,condition,relative_alpha,rsmr,engagement_index,duration_s,n_markers,delta,theta,alpha,smr,beta,low_beta,high_beta,delta_relative,theta_relative,alpha_relative,smr_relative,beta_relative,low_beta_relative,high_beta_relative,epoch_ra_mean,epoch_ra_std,epoch_rsmr_mean,epoch_rsmr_std,epoch_ei_mean,epoch_ei_std,n_epochs
sub-25_06_25_1_1_ses-S001_task-Default_run-001_eeg,Treatment,-0.0057912699028364045,0.5968410197897908,0.2293442038787517,2023.5433333333333,7,3.515608362566117e-09,6.513879530845278e-10,2.572752995729711e-10,1.5270541778077634e-10,2.083966502746111e-10,2.2912154394153882e-10,1.928529800244153e-10,0.6751245015024863,0.12509014706914645,0.04940620241508438,0.02932498686535271,0.04001972635220935,0.043999658717418434,0.03703477707830253,-0.3596110205828345,0.20653069675049496,0.5453875219293128,0.1130314908246763,0.06851031592557863,0.007575433386023593,7.0
sub-25_06_25_2_2_ses-S001_task-Default_run-001_eeg,Neutral,-0.3561397402532407,0.5779747616504586,0.03685556251191746,1946.54,8,2.0694219613239606e-09,2.4908375472296394e-10,3.926302432824827e-11,2.230419106956227e-11,1.0627182740432005e-11,1.4990546983020894e-11,7.354659558490339e-12,0.8575976354645354,0.1032238195376925,0.016271150811384007,0.009243171223508335,0.004404054349560114,0.006212294006358138,0.0030478746069615946,-1.0929492686734266,0.08539313816076728,0.5290600112655617,0.08804944768389068,0.024911305801941442,0.0029165649297280684,8.0
sub-25_06_25_3_3_ses-S001_task-Default_run-001_eeg,Treatment,-0.2815530943762248,0.5059358457484471,0.036155196713781174,471.38666666666666,7,3.941831597467611e-09,1.7365591436695601e-10,3.673947785061322e-11,1.8564312834113274e-11,7.60688679329936e-12,1.1092414623669853e-11,4.992740920521488e-12,0.9397657049469583,0.04140102608343658,0.0087589995787354,0.0044258878407221645,0.0018135455949841394,0.002644524655765105,0.001190311299398415,-0.36567343274119607,0.1126527859834247,0.46247380011009154,0.218086798099274,0.04386345399000152,0.024459007147741324,5.0
sub-25_06_25_4_4_ses-S001_task-Default_run-001_eeg,Neutral,1.3369198444060935,0.5705373588363799,0.04348897361620641,2177.03,7,3.3225656999172153e-09,1.7426596016414834e-10,4.1392751299947694e-11,2.15315817230841e-11,9.378776012967144e-12,1.314583929331371e-11,6.553478552707219e-12,0.925806437245622,0.048557820155904666,0.011533760072751453,0.005999603548489084,0.0026133211471201768,0.0036629832906086733,0.0018260745395038047,0.046530234555495396,0.7120594429426874,0.49103903336328264,0.0884402030090696,0.03335820339967155,0.015390865170142855,7.0
sub-25_06_25_5_5_ses-S001_task-Default_run-001_eeg,Treatment,-0.5945877685991867,0.49266917780429687,0.013838517575190175,1995.05,8,9.50023153810191e-09,3.0481585930129827e-10,2.3234311219181644e-11,8.30431629451262e-12,4.539728050291795e-12,5.9994389133043095e-12,3.44494490303241e-12,0.9644346881635407,0.030943981421244788,0.002358676797033421,0.0008430290002710643,0.00046085942105419454,0.0006090448400444855,0.0003497203568114764,-1.0172368791848094,0.21665665925585229,0.502419872626707,0.053284323420933644,0.025683968907905662,0.033275515083482254,8.0
sub-25_06_27_2_2_ses-S001_task-Default_run-001_eeg,Neutral,-0.15651399567085988,0.5975047294750815,0.04924378362504199,98.51666666666667,0,3.538872537922456e-10,1.8308841876868595e-11,2.6529158229350425e-12,1.4725238548834262e-12,1.0322362605696881e-12,1.133816702257769e-12,9.56050929303628e-13,0.9326477431587233,0.048251808657499555,0.006991593872162937,0.003880744602377379,0.002720394160881797,0.0029881030672474175,0.0025196124811075827,,,,,,,
sub-25_06_27_2_2_ses-S001_task-Default_run-001_eeg_old1,Neutral,0.1880498307928491,0.6313478899760504,0.06665272049351566,81.50666666666666,0,8.679056702404401e-10,2.6396824511154743e-11,4.986032239929463e-12,2.8501862574050394e-12,2.0917527793180563e-12,2.293711438208367e-12,1.9402837851503232e-12,0.9553545650478308,0.029056529602476042,0.005488417491929322,0.0031373668194772217,0.0023025147031466866,0.0025248224185327886,0.0021357839166071097,,,,,,,
sub-25_07_01_1_1_ses-S001_task-Default_run-001_eeg,Treatment,-0.7704974978289876,0.6346711872396813,0.08320706883115409,1816.55,7,2.274495907789617e-10,2.4178339369070197e-11,6.248971106765092e-12,3.609782798319335e-12,2.5317673171097227e-12,2.8635575687777453e-12,2.282924628358706e-12,0.8450194004266127,0.08982722618665039,0.023216141211058586,0.013411044115135204,0.00940600725196661,0.010638672470539694,0.008481508338036797,-0.9760869521338706,0.09657589653049864,0.46360774896490514,0.054558017223768004,0.03278351058691335,0.016761117661766304,7.0
sub-25_07_01_2_2_ses-S001_task-Default_run-001_eeg,Neutral,-0.7501198043620114,0.45605746919334844,0.04410703320114695,1422.9533333333334,7,1.71285737427688e-09,7.709704799004165e-11,1.2492985754053235e-11,5.654651072836345e-12,3.951550592842669e-12,4.383137525590551e-12,3.627860393281756e-12,0.9410970177208775,0.04235951167220948,0.006864034222658164,0.0031068408501583877,0.002171104573063108,0.0024082318326913675,0.0019932591283419124,-0.6530147879010754,0.1621670197146118,0.5839822109196037,0.21129049761184746,0.06281115762184121,0.02102107378967246,7.0
sub-25_07_01_3_3(2)_ses-S001_task-Default_run-001_eeg,Treatment,0.017295189882329254,0.5523179180171371,0.036479181240975635,514.0133333333333,5,5.726633461146261e-09,2.2327967538028078e-10,5.180937919909755e-11,2.8155937015716044e-11,1.003502347940978e-11,1.5272384989041097e-11,6.107002347186293e-12,0.9447874554250888,0.0368369719804715,0.00854757893494918,0.004645203201614167,0.0016555912583839174,0.0025196579892822887,0.0010075412102101393,0.010196556306017613,0.1464283546950989,0.5907148008022668,0.24604530011995943,0.02797252997739455,0.012857831263862035,5.0
sub-25_07_01_3_3_ses-S001_task-Default_run-001_eeg,Treatment,-0.021094232203680008,0.44716707195980443,0.026366802275502307,1598.1233333333332,2,7.170704742277138e-09,2.936414923691593e-10,5.4019460348204945e-11,2.5262433195186504e-11,9.1667075992115e-12,1.353031563462603e-11,5.894001572650606e-12,0.9469753314574676,0.03877878947190419,0.0071339008098874855,0.003336199426450919,0.0012105708265963773,0.0017868362445997558,0.0007783717630938439,0.26123904937385234,0.4511881289658781,0.42084031594968346,0.10952205243610807,0.03588161747240561,0.024652163213123416,2.0
sub-25_07_01_3_3_ses-S001_task-Default_run-001_eeg_old1,Treatment,0.2500353238108417,0.692913054263485,0.047482341030232286,46.016666666666666,0,1.2389440260163755e-08,8.766540958580187e-10,2.6248892224386275e-10,1.7957278676694408e-10,5.408917726772161e-11,8.857041674135768e-11,2.8228247662494554e-11,0.8926724595329756,0.06316386789687714,0.018912608390630546,0.01293841189451119,0.0038971832376432135,0.006381593525947022,0.0020338755214153576,,,,,,,
sub-25_07_01_3_3_ses-S001_task-Default_run-001_eeg_old2,Treatment,-0.008229064908800154,0.4418411043296917,0.04077122346752955,11.516666666666667,0,1.5548461211705488e-09,9.64794210710615e-11,1.6759738717353522e-11,6.9179987164957225e-12,4.616899089008755e-12,6.064632426783841e-12,3.531099085677441e-12,0.920454343172536,0.05711491377987595,0.00992160837190193,0.004095390455659151,0.002733161025136131,0.003590205603610261,0.002090377591280533,,,,,,,
sub-25_07_01_4_4_ses-S001_task-Default_run-001_eeg,Neutral,-1.5970923818028133,0.41872835718301127,0.03155767191483431,1726.52,7,1.1279218722868286e-08,6.070186534245655e-10,1.3997972224737687e-10,8.0965535684157e-11,2.3573529660369303e-11,4.367100713311342e-11,8.500421555811203e-12,0.925821699026081,0.049825351814007705,0.011489826331456161,0.00664581932946158,0.0019349642753141675,0.003584606967518535,0.0006977322561608908,-1.050634067001931,0.6885715778641286,0.4328240024474272,0.09787697274350303,0.025544294431798516,0.009386475364054394,7.0
sub-25_07_01_5_5_ses-S001_task-Default_run-001_eeg,Treatment,-0.0713640007535119,0.5715995027528922,0.04688216439384582,1328.0333333333333,7,5.648986890049854e-10,5.414118793811616e-11,8.678025793771657e-12,4.350057350777719e-12,2.9451007052705017e-12,3.2454624447286114e-12,2.7198294006769195e-12,0.8813069687608163,0.08446648426622516,0.013538718988015883,0.006786590113180072,0.004594696050417602,0.005063294932457523,0.004243246888887662,0.21302468924547366,0.7916270346829319,0.5647752507324321,0.16998448844152156,0.047047490727591935,0.013061161997818906,7.0
sub-25_07_01_6_6_ses-S001_task-Default_run-001_eeg,Neutral,-0.48837690410348245,0.6515547249314685,0.047736421832105136,2242.55,7,3.4608261855920745e-10,2.5851467792228028e-11,4.565737814129432e-12,2.7863285839120846e-12,1.4520085577789529e-12,1.6913445794504572e-12,1.2725065415253248e-12,0.9019567459890229,0.06737381341481323,0.011899176095625548,0.007261699166702298,0.003784208867162351,0.004407963796558949,0.0033163926701149024,-0.48189802409590954,0.2305782137766434,0.5789824257634608,0.09064329407648736,0.04194309253280259,0.018760008452890064,7.0
sub-25_07_01_8_8_ses-S001_task-Default_run-001_eeg,Neutral,0.9164103854255714,0.49870366201878225,0.036888285637431927,1423.0433333333333,7,5.683680776310706e-09,2.6158662223263736e-10,5.331210116227431e-11,2.6879871424386456e-11,1.161607405545417e-11,1.6254289460800987e-11,8.137412501444058e-12,0.937674104030281,0.043155661143149164,0.00879524706940975,0.004434548727536221,0.0019163799412688816,0.0026815767645378794,0.0013424823238171334,0.3748622997448666,1.1021010225080976,0.5856097038899337,0.05591226347505766,0.045821914281340956,0.013725302213413592,7.0
sub-25_07_02_1_1_ses-S001_task-Default_run-001_eeg,Treatment,1.0743413052583897,0.6341303475079775,0.04842982230913718,1812.53,7,7.908740080963492e-10,3.9860185088234615e-11,6.405055234908616e-12,3.6893663316268104e-12,2.240617367939355e-12,2.5633815358525123e-12,1.9985442420044873e-12,0.9330402743318351,0.04702538918830329,0.0075564178773234346,0.004352561013425478,0.0026433872174999105,0.0030241709639515836,0.002357799407661156,-0.36456233067095617,0.27649986615901306,0.5178475788176163,0.1155219385838709,0.06876884548239436,0.01062297721975545,7.0
sub-25_07_02_2_2_ses-S001_task-Default_run-001_eeg,Neutral,-0.16103784670659138,0.5690130078519573,0.056338125933088797,1321.5233333333333,7,5.153531356900176e-10,3.656525118702561e-11,6.974065958607839e-12,4.2030634645929015e-12,2.4529235323913895e-12,2.8342888776614425e-12,2.16689952343885e-12,0.9032573332584736,0.06408776621276846,0.012223416883466603,0.007366692144913716,0.004299229043378688,0.004967646524344638,0.003797915932654226,-0.4175467265156786,0.18675233904581975,0.5740852155261124,0.10951556278391048,0.060183106518114364,0.009810625694617462,7.0
sub-25_07_02_3_3_ses-S001_task-Default_run-001_eeg,Treatment,0.22938702300330505,0.7020691274000016,0.03565633858803917,1752.53,7,9.246517566008681e-10,5.1006936633267733e-11,9.685658114969827e-12,5.2226059109167955e-12,2.1640757081298063e-12,3.0740268599508262e-12,1.4816123442640416e-12,0.927167465886935,0.0511457117161312,0.009712009981916007,0.00523681510707499,0.002169963530562229,0.0030823903955868,0.0014856433817938013,-0.641463673882827,0.10676985206177102,0.7152906690697799,0.06392858831021557,0.04011048400643204,0.007009373629189407,7.0
sub-25_07_02_4_4_ses-S001_task-Default_run-001_eeg,Neutral,-0.14834236726708028,0.4984590017691189,0.03841942716586227,1407.53,7,6.047457793495576e-10,4.4848971966636407e-11,9.550581414670791e-12,4.570027896066465e-12,2.0899996789885684e-12,2.8355544416811315e-12,1.5308336069691458e-12,0.902374325438742,0.06692160938856527,0.01425094602707399,0.006819189121724337,0.0031186030806580715,0.004231086208338515,0.002284240734897739,-0.271253443940274,0.17279954966887082,0.5476133576124079,0.057586064940588357,0.03573877891401132,0.006902569486459518,7.0
sub-25_07_02_5_5_ses-S001_task-Default_run-001_eeg,Treatment,0.9383813072273774,0.3874468049365498,0.03321239699808644,1457.54,7,7.546293044841078e-09,9.160895573835805e-10,2.6198401052001483e-10,1.0658012077394442e-10,3.912664703016635e-11,6.257470729438789e-11,2.154060183200018e-11,0.8427668107488622,0.10230849372650568,0.0292582633222931,0.011902822742259052,0.004369647366855492,0.006988316804909534,0.0024056452883149597,0.5025214847757259,1.7302805145519478,0.5311021086686495,0.10872540777012903,0.06046759325578653,0.05231930860574826,7.0
sub-25_07_04_1_1_ses-S001_task-Default_run-001_eeg,Treatment,-0.5816937453209761,0.7208618078263156,0.06965652353868704,1158.5333333333333,0,5.657198132324232e-10,3.135930877141575e-11,7.717017175101633e-12,5.63837275608906e-12,2.7219210180989953e-12,3.3809290408163687e-12,2.2276650010609652e-12,0.9142724435797647,0.05068048031691495,0.012471644062656303,0.009112300324198134,0.004398957438363697,0.00546399504386284,0.00360017923423934,,,,,,,
sub-25_07_04_2_2_ses-S001_task-Default_run-001_eeg,Neutral,-0.24821712247724292,0.5847922087609528,0.03938426157384817,1857.0466666666666,8,1.1803439862656502e-09,3.272958662268836e-11,5.511096396151585e-12,2.7406215638628392e-12,1.5060810627766063e-12,1.923562603962153e-12,1.1929699068874467e-12,0.9628010962033247,0.02669737148261614,0.004495375681358994,0.0022355122546214652,0.0012285033135129072,0.0015690410636731676,0.0009731000008927123,-0.18467906049894944,0.22731614290585747,0.5800119430319453,0.07602934935348225,0.03473288189049588,0.0032017007263197956,8.0
sub-25_07_05_1_1_ses-S001_task-Default_run-001_eeg,Treatment,0.6481558740455924,0.382913302624024,0.031832453188092684,1611.05,7,1.6774284347640236e-09,1.3429266743504422e-10,1.7259552359359276e-11,8.689349678298618e-12,4.8242789421568826e-12,6.142292416630512e-12,3.835768836301662e-12,0.9055079498520232,0.07249375022450556,0.009317036451981732,0.0046906771398866915,0.0026042380371603183,0.003315726917647701,0.0020706213767947824,0.6919414764409615,1.2011628463388824,0.3627673255145841,0.1378566440277047,0.055409939195203005,0.02691483157186166,7.0
sub-25_07_05_2_2_ses-S001_task-Default_run-001_eeg,Neutral,0.5269727694431161,0.5477929975000007,0.03460549645484453,1327.97,5,4.082248724032406e-09,2.998624405621671e-10,6.998872283602968e-11,3.692121207245667e-11,1.2798883123796424e-11,2.0120446630108967e-11,7.307710494062016e-12,0.9013082520704658,0.0662057876516897,0.015452613916595212,0.008151730912779319,0.0028258295259795552,0.004442337008105498,0.0016134489143850976,-0.5222168970159465,0.08362757587507379,0.4382840056892802,0.043818671393817836,0.042029372166617396,0.019960494187027594,5.0
sub-25_07_05_3_3_ses-S001_task-Default_run-001_eeg,Treatment,-0.2521594932391018,0.5528129789612282,0.07790102487424884,1974.8266666666666,7,7.048504662686564e-10,3.072984102559615e-11,8.307748354579521e-12,4.833705746382408e-12,3.0410682213357776e-12,3.430233075364269e-12,2.749194580814409e-12,0.9299527233181186,0.04054377590209842,0.010960925156057316,0.006377406326143266,0.0040122689982721406,0.0045257182093358,0.003627182089974397,-0.2639197821099251,0.39690307463425895,0.6104841647544487,0.09060652550397702,0.05781607818146254,0.014491692425768678,7.0
sub-25_07_05_4_4_ses-S001_task-Default_run-001_eeg,Neutral,-0.3492513374904114,0.4831289527922294,0.03663535894053189,1336.7933333333333,8,1.0005719100194526e-07,3.101864743523381e-08,6.814610562324848e-09,3.2460864244589474e-09,1.3860349866303101e-09,1.995617730988871e-09,9.288479283613893e-10,0.6879287038467332,0.21326421131275147,0.046852866489818304,0.022317996379781498,0.009529482511859403,0.013720580253207814,0.0063861592058480935,-0.34414969683741115,0.07833377680582831,0.455389171713298,0.07349274515354398,0.02351919557350125,0.015270885432542715,8.0
sub-25_07_05_6_6_ses-S001_task-Default_run-001_eeg,Neutral,-0.4235697696728309,0.4401013572023729,0.04686581869068491,1345.04,7,1.35437412379684e-09,9.463015987516642e-11,1.8524062795518313e-11,8.41764476229145e-12,5.303065283769698e-12,7.427580442565236e-12,3.709678914673046e-12,0.9075224755103356,0.06340862206308066,0.012412377812985584,0.00564039262004333,0.0035534132331381633,0.0049769824096994346,0.002485736350717211,-0.5544066900608193,0.055063140768143996,0.641973527626636,0.06047350291351673,0.045913112018900325,0.008424785287672121,7.0
sub-25_07_05_7_7_ses-S001_task-Default_run-001_eeg,Treatment,-0.33308186335589696,0.5280783732086747,0.04560923738291718,1524.05,6,1.0386836000449342e-09,2.736405154786119e-11,4.4257634659865165e-12,2.16048155050771e-12,1.4499092193256046e-12,1.5830907683933312e-12,1.3500230575248098e-12,0.9644078761344855,0.02540726245659962,0.004109279422839649,0.0020059866387249626,0.001346226965302162,0.0014698847710778095,0.0012534836109704263,-0.4523443809495931,0.133421025513697,0.5851950223549168,0.0639583293251389,0.05246146086627206,0.016646003258245588,6.0
sub-25_07_05_8_8_ses-S001_task-Default_run-001_eeg,Neutral,0.09985489552573057,0.48909792587390494,0.02477922702559526,1453.31,7,2.5789675288942736e-09,1.6438252553233664e-10,2.4557292613545233e-11,1.1269262530744642e-11,4.6817826480114895e-12,6.514382334341344e-12,3.307332883264099e-12,0.9231434630003991,0.0588408547903411,0.00879030227840904,0.004033841419691149,0.0016758477950102513,0.0023318282995252976,0.0011838624166239668,-0.3456656078441246,0.5602339602863711,0.49621541552095033,0.3271246289089927,0.02026250512732807,0.007952330242614625,7.0
sub-25_07_05_9_9_ses-S001_task-Default_run-001_eeg,Treatment,0.11755268292539967,0.7072133934766038,0.06043374412009363,1628.03,7,1.8181655242600357e-08,2.62974513717736e-09,1.1654562174417576e-09,7.279959457702227e-10,2.293582275492845e-10,3.502721311122722e-10,1.3867279987704367e-10,0.7762256919725831,0.11227117177066694,0.04975658413805082,0.031080182151661268,0.009791943940940438,0.014954096517806858,0.005920329508290621,-0.41708195677770477,0.1033886367660391,0.5001218572178245,0.04114812720423971,0.05810732762896204,0.022222085893895478,7.0
sub-25_07_06_1_1_ses-S001_task-Default_run-001_eeg,Treatment,-2.106469812430003,0.385245298171067,0.02217460125989593,2399.9,7,5.8899128404959575e-09,4.7527083079825e-10,9.142581007471825e-11,3.556846247475191e-11,1.2566272046680511e-11,1.930677859443266e-11,7.510892135866398e-12,0.9017617750144781,0.07276526488584628,0.013997541730714694,0.0054456289463643975,0.0019239306409116995,0.0029559206403572376,0.001149938141327546,-1.5217327868967006,1.2402150486961037,0.3111543897448225,0.12328218898420025,0.02963834112946315,0.007957597079662537,7.0
sub-25_07_06_2_2_ses-S001_task-Default_run-001_eeg,Neutral,-0.791948353489861,0.4203687585673329,0.0216840588537253,1933.25,7,8.93834198850543e-09,6.280682752331915e-10,1.0607133896401603e-10,4.5705161415662447e-11,1.5919126601103435e-11,2.473098175403e-11,9.310235236408513e-12,0.915049895332815,0.06429758564318377,0.010858900648649694,0.004679000112476612,0.001629697671991316,0.0025317986595953528,0.0009531219312882884,-0.35037346538703723,0.13395426769008997,0.5747748586930163,0.1792398087710924,0.08402666033075375,0.040690541342995254,7.0
sub-25_07_06_3_3_ses-S001_task-Default_run-001_eeg,Treatment,0.011674721693783141,0.5397387046324409,0.045751893871139336,1699.28,8,3.0734360958527506e-07,3.905354201244158e-08,1.1810757899798662e-08,6.315594484644137e-09,2.3271380514146175e-09,3.707570181000356e-09,1.2918139542253134e-09,0.8265257172410625,0.10502498121302643,0.031762154278932926,0.016984251822473182,0.006258270505965282,0.009970606212401666,0.003474018726137994,-0.29044086330053,0.3007320638755369,0.46520163322582975,0.16925506047827335,0.04534915220125396,0.028226050060601915,8.0
sub-25_07_06_4_4_ses-S001_task-Default_run-001_eeg,Neutral,0.7980638089136889,0.42062133333979784,0.02250294354423494,1000.7633333333333,1,3.327921619127334e-09,1.613663782534725e-10,2.561649722813521e-11,1.1261045049615323e-11,4.2076650907013295e-12,5.92701742704464e-12,2.918150838443847e-12,0.9402984694308569,0.04559378971465351,0.007237896769369104,0.0031817887066468396,0.001188868458296681,0.0016746684726311302,0.0008245184475458441,-0.12573881260580677,0.0,0.7471679267448765,0.0,0.036558598063652185,0.0,1.0
sub-25_07_06_4_4_ses-S001_task-Default_run-001_eeg_old1,Neutral,-0.4668761904513765,0.4125327453104212,0.02251968889687562,15.026666666666667,0,1.4845000114041257e-09,5.955745242386822e-11,6.744092848951808e-12,2.5901073674143477e-12,1.4930901729260213e-12,1.8031290057046669e-12,1.2605610483420369e-12,0.9528556717410762,0.03822812792224572,0.004328829284274604,0.0016625116042435955,0.0009583694366884864,0.001157373989065477,0.0008091160224057433,,,,,,,
sub-25_07_06_5_5_ses-S001_task-Default_run-001_eeg,Treatment,-0.45119672339832206,0.5413055452789817,0.027365845465345415,1211.9033333333334,6,1.0059130274437747e-09,6.86402776361685e-11,9.773376196263368e-12,4.119938971266525e-12,2.1458559331514206e-12,2.70489858108589e-12,1.7265739472005678e-12,0.9186219430449876,0.06268381410022938,0.008925262509360344,0.0037624190558792274,0.0019596429244141136,0.0024701729896182663,0.001576745375510998,-0.7342512752210677,0.05751996487099054,0.5034984066452733,0.06697239476168389,0.023183892609829268,0.004580734766438976,6.0
sub-25_07_11_1_1_ses-S001_task-Default_run-001_eeg_old1,Treatment,1.3150806078185333,0.5322844399135247,0.04428128846078702,1606.0433333333333,7,2.339849576799049e-09,9.138985474427509e-11,2.161692481491577e-11,1.2248391682862695e-11,5.0040858036851005e-12,7.419666063260445e-12,3.192400609003593e-12,0.9432135538953046,0.036840039008510336,0.008713968915410918,0.004937432373109682,0.0020171901654241348,0.0029909314109918526,0.001286884231248347,-0.057615266122793586,0.39382772173154945,0.5244036975149362,0.05240908786371562,0.054348940188171824,0.010508592016940101,7.0
sub-25_07_11_2_2_ses-S001_task-Default_run-001_eeg,Neutral,-0.059075951047276476,0.5480792209334449,0.022461510596516767,1490.0333333333333,7,1.7219148205840002e-08,1.720281691974937e-09,3.765277996379107e-10,1.5786510457185946e-10,4.709750861473892e-11,8.092969170757577e-11,2.1723371295111293e-11,0.8774726130648716,0.08766403851225046,0.0191875247422395,0.008044666563323258,0.0024000475202951084,0.004124105746014556,0.0011070038510055233,-0.248049344090665,0.19569008515746625,0.6734621066416293,0.13725638713974142,0.037410015437816614,0.018127034595944603,7.0
sub-25_07_11_3_3_ses-S001_task-Default_run-001_eeg,Treatment,-0.3425992917137215,0.44931445867933817,0.031849898784254815,1404.5333333333333,7,6.982420995400378e-09,4.3859441343762984e-10,9.474524670385689e-11,4.320122369234596e-11,1.6986814193135216e-11,2.602743854684479e-11,1.0206345927853024e-11,0.9172692609077822,0.05761743293869496,0.012446528571654677,0.005675274314266364,0.002231530082528561,0.0034191821625928864,0.0013407910224803156,-0.5061670737129944,0.05081272548381104,0.6102631877328911,0.05844320836957433,0.03129096723044205,0.0125028293785179,7.0
sub-25_07_12_2_2_ses-S001_task-Default_run-001_eeg,Neutral,-0.1597072654478744,0.5269157421120141,0.049526826564153394,2046.05,7,1.9742809877969062e-07,5.2467008567270404e-08,1.4417555717980605e-08,7.741576204673894e-09,3.312580215174595e-09,4.737960742917337e-09,2.2435448193675384e-09,0.6992359481742068,0.18582369333525442,0.05106301131971232,0.027418530651397228,0.011732246736800367,0.016780551972912863,0.007946017809715994,-0.48754305075265136,0.18367167085097838,0.52270173115987,0.06553632141844953,0.04282088894272397,0.006199892470361814,7.0
sub-25_07_12_3_3_ses-S001_task-Default_run-001_eeg,Treatment,0.050743243850064346,0.46522798404307,0.04438630436341621,1879.79,7,1.9648729133617023e-07,4.1849246350047184e-08,1.0397124357613828e-08,4.954549460651417e-09,2.3190233121141146e-09,3.296602808014727e-09,1.585838690188655e-09,0.7531432217313215,0.16040974461385038,0.03985257103492371,0.01899097553662129,0.008888904094909014,0.012636003289133262,0.006078579699240828,-0.45210344669838115,0.04916706539552389,0.6716262046242737,0.07753206432908401,0.04721349765469741,0.009087219099414642,7.0
sub-25_07_12_4_4_ses-S001_task-Default_run-001_eeg,Neutral,-0.641436454401493,1.0429944263350568,0.08796028134050943,1427.54,8,2.329152009848673e-10,2.8091563280773545e-11,7.214746215095869e-12,6.170061969304613e-12,3.1055529163517733e-12,3.53094164009015e-12,2.7865113735479907e-12,0.8206597501591019,0.0989785776372579,0.025420632922651468,0.02173976405483591,0.0109421895593869,0.01244101575135501,0.009818069915410817,-0.6566039105434931,0.404648794044343,0.793689957341712,0.22125159005681164,0.07762241928288059,0.04352826523608699,8.0
sub-25_07_12_5_5_ses-S001_task-Default_run-001_eeg,Treatment,-0.17737072396073827,0.7162564271069666,0.0719887296760556,1154.5133333333333,8,2.043124137920066e-08,4.537623830712707e-09,1.3790410519578413e-09,8.929787494114246e-10,4.2593318882238136e-10,6.840249269507236e-10,2.3236438522612471e-10,0.714798763239626,0.15875138676311765,0.04824654655588544,0.031241376567962935,0.014901518265203898,0.023931006576389524,0.008129402031814678,-0.6546538663345784,0.19013705002928247,0.48330383391432896,0.04884095258332965,0.02780906060631899,0.0108588251697159,8.0
sub-25_07_12_6_6_ses-S001_task-Default_run-001_eeg,Neutral,0.13682655853375536,0.7114320801119098,0.05132591943221722,1398.5333333333333,8,3.5715968215277735e-08,9.186657265211094e-09,2.222428922587795e-09,1.5855936969937192e-09,5.855818384701881e-10,8.701488580985336e-10,3.72156573748929e-10,0.7067076232724537,0.18177529676876678,0.04397493726915524,0.031373954258333434,0.011586838324034567,0.01721753216078318,0.007363817946473107,-0.9927125776712042,1.89667251817129,0.654903017658785,0.2398891748991124,0.05145468810057504,0.023531764465465146,8.0
sub-25_07_12_7_7_ses-S001_task-Default_run-001_eeg,Treatment,-0.043644902285048914,0.5166297195261448,0.03739146748004322,1324.52,7,8.47307597816926e-09,1.0515827965131346e-09,2.388736759640915e-10,1.2446236060669872e-10,4.8252061225043483e-11,7.355913008792518e-11,2.927175957788222e-11,0.8440093979668183,0.1047489442186121,0.023794384466753603,0.012397788278523846,0.004806423694315358,0.007327279639700215,0.0029157817352767155,-0.9543145673526341,0.45147670781240007,0.528225483830098,0.12057946681241592,0.03539629841017218,0.009656236817950498,7.0
sub-25_07_12_8_8_ses-S001_task-Default_run-001_eeg,Neutral,-0.1572240324669565,0.23638363867097562,0.014055989339276799,1490.0333333333333,8,1.380041558808703e-08,1.2721748419591971e-09,1.8401185060319214e-10,7.454541665297032e-11,2.0468144626653685e-11,3.4016253913650853e-11,1.0307062661405814e-11,0.896367246324446,0.08263054490290699,0.011951973095551715,0.004841888233352391,0.0013294508646682914,0.0022094302636199775,0.0006694663154545272,-0.21267780030000338,0.225933656665288,0.3733941591676621,0.11018089082561945,0.016403163687262384,0.005582872426593008,8.0
sub-25_07_12_9_9_ses-S001_task-Default_run-001_eeg,Treatment,-0.27895005597863687,0.5712702011557294,0.061509713552221436,1268.03,8,6.30990742102529e-08,7.454341363938955e-09,2.4878782392650586e-09,1.3963391032042045e-09,6.115430798663596e-10,8.958592446807278e-10,3.9830595625558357e-10,0.8265170638398667,0.09764232540802913,0.032588018813980185,0.01829025401956854,0.008010431168902989,0.01173460881628913,0.005217297933363384,-0.07578976130074544,0.5494367046569291,0.660899320717176,0.22933264230092612,0.15840014496048982,0.15390867093002247,8.0
sub-25_07_13_1_1_ses-S001_task-Default_run-001_eeg,Treatment,-0.46171114637303035,0.5116178017124884,0.038178735856575906,1326.53,8,1.8177036241114638e-08,1.1559388498725096e-09,2.8087438903235693e-10,1.4233628161511946e-10,5.485571312338019e-11,8.37682111506876e-11,3.317133960289965e-11,0.9121363683478315,0.05800581847165997,0.014094472925921822,0.007142533979378144,0.002752697980450427,0.004203547315879537,0.0016645609788785952,-0.8503140063608381,0.2031117937171095,0.4716545211320707,0.07337694303533505,0.027462168872233905,0.011309777263215805,8.0
sub-25_07_13_2_2_ses-S001_task-Default_run-001_eeg,Neutral,0.10218404635429934,0.8157419703619295,0.07551245784858442,1270.04,8,1.3259580403756366e-08,4.5567582648858403e-10,1.4079736286328685e-10,1.3473954055088027e-10,4.504115656874386e-11,7.582905880115802e-11,2.1950229894433235e-11,0.9381592562803276,0.03224057484974006,0.009961880029976826,0.009533269025538428,0.003186811095211407,0.005365157210342655,0.0015530515088629704,-0.15632680877406058,0.6036609044260326,0.5157730820195269,0.08502911448158243,0.03416185475479806,0.00887203204279363,8.0
sub-25_07_13_3_3_ses-S001_task-Default_run-001_eeg,Treatment,-0.014059203483522964,0.39158097949417725,0.02356708196011177,1293.02,7,4.295638850675896e-09,1.3349656166482324e-09,2.898394291264287e-10,1.0915845432756045e-10,3.8291913682974594e-11,3.6141319105499154e-11,3.990485961608117e-11,0.6991667465530765,0.21728166621952086,0.04717484354003384,0.017766847731846565,0.006232468240388524,0.005882433177815327,0.006494994537318421,-0.5009508454190633,0.28581421234945775,0.5316878710261937,0.0771102575232267,0.02415558462124839,0.004346352597039384,7.0
sub-25_07_13_4_4_ses-S001_task-Default_run-001_eeg,Neutral,-0.001800360574318205,0.4275184790912103,0.0523014117785725,1242.5333333333333,8,3.144991511334521e-08,2.0328686158752902e-09,6.734934252785182e-10,3.2306668728408697e-10,1.415465555362833e-10,1.6816785368521005e-10,1.2158058192458824e-10,0.9008690807365095,0.058230633521315085,0.019291924977415505,0.009254104138001533,0.004054539254170583,0.004817094711156848,0.0034826226614308848,-0.8176288771958427,0.15658553606223774,0.4520602448310636,0.11232820187599296,0.023568565872632924,0.008193364034279732,8.0
sub-25_07_13_5_5_ses-S001_task-Default_run-001_eeg,Treatment,-0.49142797785204095,0.4515860602280966,0.028710414802978493,1170.5333333333333,7,1.647033404365741e-08,1.957000189753873e-09,4.704878118147971e-10,2.129637750581227e-10,6.969418745428982e-11,1.1489457439297715e-10,3.5793897250274294e-11,0.8520092337524428,0.10123548360985898,0.024338301759493253,0.011016601261598119,0.0036052754663342943,0.005943488336751166,0.0018516158135216394,-0.6802210223380827,0.1287791990469069,0.5889655366974017,0.19115474576564148,0.04358156310425014,0.019615391600515644,7.0
sub-25_07_13_5_5_ses-S001_task-Default_run-001_eeg_old1,Treatment,-1.119780323434341,0.4080317845867791,0.014018133609936367,12.506666666666666,0,6.860502931288448e-08,6.431915111929464e-09,1.3340714691451046e-09,4.3348848264878304e-10,1.0886463750647622e-10,1.8502604083261123e-10,5.1743585011874975e-11,0.8892405188414205,0.08336880821362708,0.01729188686712407,0.005618764791490135,0.001411075072911034,0.002398259343331623,0.0006706868700955923,,,,,,,
sub-25_07_13_6_6_ses-S001_task-Default_run-001_eeg,Neutral,-0.6614549154965559,0.34825337252986366,0.015998389580524932,1320.0233333333333,8,8.325483686943507e-09,3.446332140559594e-10,4.801065594615534e-11,1.8711075224379342e-11,6.281669598698819e-12,8.953383950138043e-12,4.277883835119402e-12,0.9507936748327249,0.03935808325173435,0.005482952067969669,0.0021368574657781208,0.0007173843522387032,0.00102250165254547,0.0004885463770086283,-0.7224236931276247,0.1565291150819992,0.5060738896174174,0.12463642903094742,0.05098713344110435,0.021236376209480358,8.0
sub-25_07_13_7_7_ses-S001_task-Default_run-001_eeg,Treatment,-0.43267772138848315,0.5866447496786164,0.03319336652197692,1315.52,7,1.3434009713153157e-09,1.6364536992564223e-10,2.9341054097202375e-11,1.6928576546439108e-11,6.4058691063559326e-12,9.766356455949302e-12,3.885503594160901e-12,0.853834642352556,0.10400921905416481,0.01864849658907357,0.010759412423912927,0.004071422512094434,0.006207270688131577,0.0024695363800665737,-0.720666886286572,0.4617677770974714,0.6604480488811265,0.11610276914088537,0.036532096032551704,0.0057535351640783,7.0
sub-25_07_13_8_8_ses-S001_task-Default_run-001_eeg,Neutral,-1.01281855973129,0.4529283222127366,0.0278907245005011,1270.0433333333333,8,5.310925005931415e-10,5.990432629218887e-11,1.022413405390587e-11,4.266534191031611e-12,1.9559335671572447e-12,2.7542178254259236e-12,1.3572203734557351e-12,0.8684298488024162,0.09795413222072526,0.016718261283397554,0.006976535421399943,0.0031982961350365416,0.00450363160284181,0.00221929453418259,-1.0648777224989656,0.12149501145992458,0.32715999878745244,0.05503366711717249,0.017972253304154785,0.007535656301784821,8.0
