participant_idx,group_number,timestamp,clip_number,group_range,Q1_false_memory,Q2_confidence,Q3_audio_judgment,Q4_confidence,Q5_발음,Q5_억양,Q5_감정 표현,Q5_음질,Q5_박자감(리듬감),Q5_숨소리나 호흡의 자연스러운 정도,Q6_likeability,Q7_listening_freq,Q8_voice_familiarity,Q1_false_memory_binary,Q2_confidence_num,Q3_judgment_category,Q3_judgment_num,Q4_confidence_num,Q6_likeability_num,Q7_listening_freq_num,Q8_voice_familiarity_num,Q5_발음_num,Q5_억양_num,Q5_감정 표현_num,Q5_음질_num,Q5_박자감(리듬감)_num,Q5_숨소리나 호흡의 자연스러운 정도_num
0,6,2025-06-25 17:10:54.098,1,1-8,(1) 예,(4) 꽤 확신한다,"(6) 실제 가수가 부른 후, 후처리(후보정)를 거쳐 제작된 음원으로 보인다.",(2) 별로 확신하지 않는다,(2) 거의 영향을 미치지 않음,(2) 거의 영향을 미치지 않음,(3) 다소 영향을 미침,(3) 다소 영향을 미침,(4) 상당한 영향을 미침,(4) 상당한 영향을 미침,(3) 보통이다,(4) 자주 듣는다,(4) 꽤 잘 안다,1.0,4.0,Real,6.0,2.0,3.0,4.0,4.0,2.0,2.0,3.0,3.0,4.0,4.0
0,6,2025-06-25 17:10:54.098,2,1-8,(2) 아니요,(4) 꽤 확신한다,(1) 딥러닝 기반 AI 음성 합성 기술로 생성된 음원으로 보인다.,(2) 별로 확신하지 않는다,(2) 거의 영향을 미치지 않음,(2) 거의 영향을 미치지 않음,(2) 거의 영향을 미치지 않음,(4) 상당한 영향을 미침,(2) 거의 영향을 미치지 않음,(4) 상당한 영향을 미침,(3) 보통이다,(3) 보통이다,(4) 꽤 잘 안다,0.0,4.0,AI,1.0,2.0,3.0,3.0,4.0,2.0,2.0,2.0,4.0,2.0,4.0
0,6,2025-06-25 17:10:54.098,3,1-8,(2) 아니요,(5) 매우 확신한다,(1) 딥러닝 기반 AI 음성 합성 기술로 생성된 음원으로 보인다.,(4) 꽤 확신한다,(4) 상당한 영향을 미침,(4) 상당한 영향을 미침,(2) 거의 영향을 미치지 않음,(2) 거의 영향을 미치지 않음,(2) 거의 영향을 미치지 않음,(4) 상당한 영향을 미침,(3) 보통이다,(4) 자주 듣는다,(4) 꽤 잘 안다,0.0,5.0,AI,1.0,4.0,3.0,4.0,4.0,4.0,4.0,2.0,2.0,2.0,4.0
0,6,2025-06-25 17:10:54.098,4,1-8,(2) 아니요,(5) 매우 확신한다,"(6) 실제 가수가 부른 후, 후처리(후보정)를 거쳐 제작된 음원으로 보인다.",(2) 별로 확신하지 않는다,(4) 상당한 영향을 미침,(4) 상당한 영향을 미침,(5) 매우 큰 영향을 미침,(3) 다소 영향을 미침,(3) 다소 영향을 미침,(4) 상당한 영향을 미침,(4) 호감이다,(3) 보통이다,(4) 꽤 잘 안다,0.0,5.0,Real,6.0,2.0,4.0,3.0,4.0,4.0,4.0,5.0,3.0,3.0,4.0
1,3,2025-06-25 17:36:44.652,1,1-8,(1) 예,(4) 꽤 확신한다,(2) MIDI 기반 음성 합성 엔진(예:보컬로이드) 를 이용해 생선된 음원으로 보인다.,(2) 별로 확신하지 않는다,(3) 다소 영향을 미침,(3) 다소 영향을 미침,(1) 전혀 영향을 미치지 않음,(2) 거의 영향을 미치지 않음,(2) 거의 영향을 미치지 않음,(2) 거의 영향을 미치지 않음,(4) 호감이다,(2) 거의 들어본 적 없다,(2) 거의 모른다,1.0,4.0,AI,2.0,2.0,4.0,2.0,2.0,3.0,3.0,1.0,2.0,2.0,2.0
1,3,2025-06-25 17:36:44.652,2,1-8,(1) 예,(3) 보통이다,"(4) 모창 가수(실제 사람)가 부른 후, 후처리(후보정)를 거쳐 제작된 음원으로 보인다.",(2) 별로 확신하지 않는다,(2) 거의 영향을 미치지 않음,(2) 거의 영향을 미치지 않음,(3) 다소 영향을 미침,(2) 거의 영향을 미치지 않음,(2) 거의 영향을 미치지 않음,(3) 다소 영향을 미침,(3) 보통이다,(3) 보통이다,(2) 거의 모른다,1.0,3.0,Other,4.0,2.0,3.0,3.0,2.0,2.0,2.0,3.0,2.0,2.0,3.0
1,3,2025-06-25 17:36:44.652,3,1-8,(2) 아니요,(3) 보통이다,"(3) 모창 가수(실제 사람)가 부른 후, 별도의 후처리(후보정) 없이 라이브로 녹음한 음원으로 보인다.",(3) 보통이다,(2) 거의 영향을 미치지 않음,(2) 거의 영향을 미치지 않음,(2) 거의 영향을 미치지 않음,(4) 상당한 영향을 미침,(3) 다소 영향을 미침,(3) 다소 영향을 미침,(3) 보통이다,(2) 거의 들어본 적 없다,(2) 거의 모른다,0.0,3.0,Other,3.0,3.0,3.0,2.0,2.0,2.0,2.0,2.0,4.0,3.0,3.0
1,3,2025-06-25 17:36:44.652,4,1-8,(2) 아니요,(2) 별로 확신하지 않는다,"(5) 실제 가수가 부른 후, 별도의 후처리(후보정) 없이 라이브로 녹음한 음원으로 보인다.",(1) 전혀 확신하지 않는다,(2) 거의 영향을 미치지 않음,(2) 거의 영향을 미치지 않음,(2) 거의 영향을 미치지 않음,(4) 상당한 영향을 미침,(3) 다소 영향을 미침,(3) 다소 영향을 미침,(3) 보통이다,(3) 보통이다,(2) 거의 모른다,0.0,2.0,Real,5.0,1.0,3.0,3.0,2.0,2.0,2.0,2.0,4.0,3.0,3.0
2,3,2025-07-01 13:48:45.075,1,1-8,(2) 아니요,(4) 꽤 확신한다,(1) 딥러닝 기반 AI 음성 합성 기술로 생성된 음원으로 보인다.,(3) 보통이다,(4) 상당한 영향을 미침,(4) 상당한 영향을 미침,(4) 상당한 영향을 미침,(4) 상당한 영향을 미침,(4) 상당한 영향을 미침,(4) 상당한 영향을 미침,(4) 호감이다,(4) 자주 듣는다,(4) 꽤 잘 안다,0.0,4.0,AI,1.0,3.0,4.0,4.0,4.0,4.0,4.0,4.0,4.0,4.0,4.0
2,3,2025-07-01 13:48:45.075,2,1-8,(1) 예,(5) 매우 확신한다,"(6) 실제 가수가 부른 후, 후처리(후보정)를 거쳐 제작된 음원으로 보인다.",(4) 꽤 확신한다,(5) 매우 큰 영향을 미침,(5) 매우 큰 영향을 미침,(5) 매우 큰 영향을 미침,(5) 매우 큰 영향을 미침,(4) 상당한 영향을 미침,(5) 매우 큰 영향을 미침,(5) 매우 호감이다,,,1.0,5.0,Real,6.0,4.0,5.0,,,5.0,5.0,5.0,5.0,4.0,5.0
2,3,2025-07-01 13:48:45.075,3,1-8,(2) 아니요,(3) 보통이다,"(5) 실제 가수가 부른 후, 별도의 후처리(후보정) 없이 라이브로 녹음한 음원으로 보인다.",(2) 별로 확신하지 않는다,(5) 매우 큰 영향을 미침,(5) 매우 큰 영향을 미침,(5) 매우 큰 영향을 미침,(5) 매우 큰 영향을 미침,(5) 매우 큰 영향을 미침,(5) 매우 큰 영향을 미침,(4) 호감이다,(4) 자주 듣는다,(4) 꽤 잘 안다,0.0,3.0,Real,5.0,2.0,4.0,4.0,4.0,5.0,5.0,5.0,5.0,5.0,5.0
2,3,2025-07-01 13:48:45.075,4,1-8,(2) 아니요,(4) 꽤 확신한다,(2) MIDI 기반 음성 합성 엔진(예:보컬로이드) 를 이용해 생선된 음원으로 보인다.,(2) 별로 확신하지 않는다,(3) 다소 영향을 미침,(3) 다소 영향을 미침,(4) 상당한 영향을 미침,(5) 매우 큰 영향을 미침,(3) 다소 영향을 미침,(5) 매우 큰 영향을 미침,(3) 보통이다,,,0.0,4.0,AI,2.0,2.0,3.0,,,3.0,3.0,4.0,5.0,3.0,5.0
3,3,2025-07-01 15:11:05.004,1,1-8,(1) 예,(4) 꽤 확신한다,"(4) 모창 가수(실제 사람)가 부른 후, 후처리(후보정)를 거쳐 제작된 음원으로 보인다.",(4) 꽤 확신한다,(4) 상당한 영향을 미침,(4) 상당한 영향을 미침,(2) 거의 영향을 미치지 않음,(4) 상당한 영향을 미침,(4) 상당한 영향을 미침,,(4) 호감이다,(3) 보통이다,(3) 보통이다,1.0,4.0,Other,4.0,4.0,4.0,3.0,3.0,4.0,4.0,2.0,4.0,4.0,
3,3,2025-07-01 15:11:05.004,2,1-8,(2) 아니요,(2) 별로 확신하지 않는다,(2) MIDI 기반 음성 합성 엔진(예:보컬로이드) 를 이용해 생선된 음원으로 보인다.,(2) 별로 확신하지 않는다,(2) 거의 영향을 미치지 않음,(2) 거의 영향을 미치지 않음,(2) 거의 영향을 미치지 않음,(2) 거의 영향을 미치지 않음,(2) 거의 영향을 미치지 않음,(4) 상당한 영향을 미침,(4) 호감이다,(3) 보통이다,(3) 보통이다,0.0,2.0,AI,2.0,2.0,4.0,3.0,3.0,2.0,2.0,2.0,2.0,2.0,4.0
3,3,2025-07-01 15:11:05.004,3,1-8,(2) 아니요,(4) 꽤 확신한다,(2) MIDI 기반 음성 합성 엔진(예:보컬로이드) 를 이용해 생선된 음원으로 보인다.,(3) 보통이다,(5) 매우 큰 영향을 미침,(5) 매우 큰 영향을 미침,(2) 거의 영향을 미치지 않음,(4) 상당한 영향을 미침,(2) 거의 영향을 미치지 않음,(3) 다소 영향을 미침,(2) 불쾌하다,(3) 보통이다,(3) 보통이다,0.0,4.0,AI,2.0,3.0,2.0,3.0,3.0,5.0,5.0,2.0,4.0,2.0,3.0
3,3,2025-07-01 15:11:05.004,4,1-8,(2) 아니요,(2) 별로 확신하지 않는다,(1) 딥러닝 기반 AI 음성 합성 기술로 생성된 음원으로 보인다.,(2) 별로 확신하지 않는다,(4) 상당한 영향을 미침,(4) 상당한 영향을 미침,(2) 거의 영향을 미치지 않음,(3) 다소 영향을 미침,(3) 다소 영향을 미침,(3) 다소 영향을 미침,(3) 보통이다,(3) 보통이다,(3) 보통이다,0.0,2.0,AI,1.0,2.0,3.0,3.0,3.0,4.0,4.0,2.0,3.0,3.0,3.0
4,3,2025-07-01 15:16:35.941,1,1-8,(2) 아니요,(3) 보통이다,(2) MIDI 기반 음성 합성 엔진(예:보컬로이드) 를 이용해 생선된 음원으로 보인다.,(2) 별로 확신하지 않는다,(3) 다소 영향을 미침,(4) 상당한 영향을 미침,(2) 거의 영향을 미치지 않음,(3) 다소 영향을 미침,(1) 전혀 영향을 미치지 않음,(3) 다소 영향을 미침,(3) 보통이다,(4) 자주 듣는다,(3) 보통이다,0.0,3.0,AI,2.0,2.0,3.0,4.0,3.0,3.0,4.0,2.0,3.0,1.0,3.0
4,3,2025-07-01 15:16:35.941,2,1-8,(2) 아니요,(2) 별로 확신하지 않는다,"(4) 모창 가수(실제 사람)가 부른 후, 후처리(후보정)를 거쳐 제작된 음원으로 보인다.",(4) 꽤 확신한다,(3) 다소 영향을 미침,(2) 거의 영향을 미치지 않음,(4) 상당한 영향을 미침,(4) 상당한 영향을 미침,(2) 거의 영향을 미치지 않음,(3) 다소 영향을 미침,(4) 호감이다,(5) 매우 자주 듣는다,(4) 꽤 잘 안다,0.0,2.0,Other,4.0,4.0,4.0,5.0,4.0,3.0,2.0,4.0,4.0,2.0,3.0
4,3,2025-07-01 15:16:35.941,3,1-8,(2) 아니요,(4) 꽤 확신한다,"(3) 모창 가수(실제 사람)가 부른 후, 별도의 후처리(후보정) 없이 라이브로 녹음한 음원으로 보인다.",(4) 꽤 확신한다,(3) 다소 영향을 미침,(3) 다소 영향을 미침,(4) 상당한 영향을 미침,(4) 상당한 영향을 미침,(4) 상당한 영향을 미침,(4) 상당한 영향을 미침,(3) 보통이다,(4) 자주 듣는다,(3) 보통이다,0.0,4.0,Other,3.0,4.0,3.0,4.0,3.0,3.0,3.0,4.0,4.0,4.0,4.0
4,3,2025-07-01 15:16:35.941,4,1-8,(2) 아니요,(4) 꽤 확신한다,"(6) 실제 가수가 부른 후, 후처리(후보정)를 거쳐 제작된 음원으로 보인다.",(4) 꽤 확신한다,(4) 상당한 영향을 미침,(4) 상당한 영향을 미침,(2) 거의 영향을 미치지 않음,(4) 상당한 영향을 미침,(3) 다소 영향을 미침,(4) 상당한 영향을 미침,(4) 호감이다,(5) 매우 자주 듣는다,(4) 꽤 잘 안다,0.0,4.0,Real,6.0,4.0,4.0,5.0,4.0,4.0,4.0,2.0,4.0,3.0,4.0
5,5,2025-07-01 16:30:31.385,1,1-8,(2) 아니요,(4) 꽤 확신한다,(1) 딥러닝 기반 AI 음성 합성 기술로 생성된 음원으로 보인다.,(2) 별로 확신하지 않는다,(2) 거의 영향을 미치지 않음,(3) 다소 영향을 미침,(1) 전혀 영향을 미치지 않음,(4) 상당한 영향을 미침,(1) 전혀 영향을 미치지 않음,(2) 거의 영향을 미치지 않음,(3) 보통이다,(3) 보통이다,(4) 꽤 잘 안다,0.0,4.0,AI,1.0,2.0,3.0,3.0,4.0,2.0,3.0,1.0,4.0,1.0,2.0
5,5,2025-07-01 16:30:31.385,2,1-8,(2) 아니요,(5) 매우 확신한다,"(5) 실제 가수가 부른 후, 별도의 후처리(후보정) 없이 라이브로 녹음한 음원으로 보인다.",(4) 꽤 확신한다,(1) 전혀 영향을 미치지 않음,(2) 거의 영향을 미치지 않음,(1) 전혀 영향을 미치지 않음,(5) 매우 큰 영향을 미침,(1) 전혀 영향을 미치지 않음,(4) 상당한 영향을 미침,(4) 호감이다,(4) 자주 듣는다,(4) 꽤 잘 안다,0.0,5.0,Real,5.0,4.0,4.0,4.0,4.0,1.0,2.0,1.0,5.0,1.0,4.0
5,5,2025-07-01 16:30:31.385,3,1-8,(2) 아니요,(5) 매우 확신한다,(2) MIDI 기반 음성 합성 엔진(예:보컬로이드) 를 이용해 생선된 음원으로 보인다.,(3) 보통이다,(3) 다소 영향을 미침,(3) 다소 영향을 미침,(1) 전혀 영향을 미치지 않음,(1) 전혀 영향을 미치지 않음,(4) 상당한 영향을 미침,(4) 상당한 영향을 미침,(3) 보통이다,(3) 보통이다,(4) 꽤 잘 안다,0.0,5.0,AI,2.0,3.0,3.0,3.0,4.0,3.0,3.0,1.0,1.0,4.0,4.0
5,5,2025-07-01 16:30:31.385,4,1-8,(2) 아니요,(3) 보통이다,"(6) 실제 가수가 부른 후, 후처리(후보정)를 거쳐 제작된 음원으로 보인다.",(2) 별로 확신하지 않는다,(3) 다소 영향을 미침,(3) 다소 영향을 미침,(1) 전혀 영향을 미치지 않음,(4) 상당한 영향을 미침,(3) 다소 영향을 미침,(2) 거의 영향을 미치지 않음,(3) 보통이다,(4) 자주 듣는다,(4) 꽤 잘 안다,0.0,3.0,Real,6.0,2.0,3.0,4.0,4.0,3.0,3.0,1.0,4.0,3.0,2.0
6,7,2025-07-02 17:44:32.700,1,1-8,(2) 아니요,(3) 보통이다,(1) 딥러닝 기반 AI 음성 합성 기술로 생성된 음원으로 보인다.,(3) 보통이다,(2) 거의 영향을 미치지 않음,(4) 상당한 영향을 미침,(4) 상당한 영향을 미침,(4) 상당한 영향을 미침,(1) 전혀 영향을 미치지 않음,(2) 거의 영향을 미치지 않음,(2) 불쾌하다,(5) 매우 자주 듣는다,(4) 꽤 잘 안다,0.0,3.0,AI,1.0,3.0,2.0,5.0,4.0,2.0,4.0,4.0,4.0,1.0,2.0
6,7,2025-07-02 17:44:32.700,2,1-8,(2) 아니요,(2) 별로 확신하지 않는다,(1) 딥러닝 기반 AI 음성 합성 기술로 생성된 음원으로 보인다.,(3) 보통이다,(2) 거의 영향을 미치지 않음,(3) 다소 영향을 미침,(2) 거의 영향을 미치지 않음,(5) 매우 큰 영향을 미침,(2) 거의 영향을 미치지 않음,(3) 다소 영향을 미침,(3) 보통이다,(4) 자주 듣는다,(4) 꽤 잘 안다,0.0,2.0,AI,1.0,3.0,3.0,4.0,4.0,2.0,3.0,2.0,5.0,2.0,3.0
6,7,2025-07-02 17:44:32.700,3,1-8,(2) 아니요,(4) 꽤 확신한다,(1) 딥러닝 기반 AI 음성 합성 기술로 생성된 음원으로 보인다.,(3) 보통이다,(4) 상당한 영향을 미침,(4) 상당한 영향을 미침,(4) 상당한 영향을 미침,(4) 상당한 영향을 미침,(4) 상당한 영향을 미침,(3) 다소 영향을 미침,(4) 호감이다,(5) 매우 자주 듣는다,(4) 꽤 잘 안다,0.0,4.0,AI,1.0,3.0,4.0,5.0,4.0,4.0,4.0,4.0,4.0,4.0,3.0
6,7,2025-07-02 17:44:32.700,4,1-8,(2) 아니요,(4) 꽤 확신한다,(2) MIDI 기반 음성 합성 엔진(예:보컬로이드) 를 이용해 생선된 음원으로 보인다.,(3) 보통이다,(5) 매우 큰 영향을 미침,(5) 매우 큰 영향을 미침,(5) 매우 큰 영향을 미침,(3) 다소 영향을 미침,(3) 다소 영향을 미침,(4) 상당한 영향을 미침,(3) 보통이다,(4) 자주 듣는다,(4) 꽤 잘 안다,0.0,4.0,AI,2.0,3.0,3.0,4.0,4.0,5.0,5.0,5.0,3.0,3.0,4.0
7,6,2025-07-02 17:47:42.616,1,1-8,(2) 아니요,(5) 매우 확신한다,(2) MIDI 기반 음성 합성 엔진(예:보컬로이드) 를 이용해 생선된 음원으로 보인다.,(2) 별로 확신하지 않는다,(4) 상당한 영향을 미침,(4) 상당한 영향을 미침,(4) 상당한 영향을 미침,(3) 다소 영향을 미침,(2) 거의 영향을 미치지 않음,(4) 상당한 영향을 미침,(3) 보통이다,(4) 자주 듣는다,(3) 보통이다,0.0,5.0,AI,2.0,2.0,3.0,4.0,3.0,4.0,4.0,4.0,3.0,2.0,4.0
7,6,2025-07-02 17:47:42.616,2,1-8,(2) 아니요,(3) 보통이다,(1) 딥러닝 기반 AI 음성 합성 기술로 생성된 음원으로 보인다.,(2) 별로 확신하지 않는다,(4) 상당한 영향을 미침,(5) 매우 큰 영향을 미침,(4) 상당한 영향을 미침,(4) 상당한 영향을 미침,(3) 다소 영향을 미침,(4) 상당한 영향을 미침,(4) 호감이다,(3) 보통이다,(3) 보통이다,0.0,3.0,AI,1.0,2.0,4.0,3.0,3.0,4.0,5.0,4.0,4.0,3.0,4.0
7,6,2025-07-02 17:47:42.616,3,1-8,(2) 아니요,(2) 별로 확신하지 않는다,(1) 딥러닝 기반 AI 음성 합성 기술로 생성된 음원으로 보인다.,(2) 별로 확신하지 않는다,(4) 상당한 영향을 미침,(4) 상당한 영향을 미침,(4) 상당한 영향을 미침,(4) 상당한 영향을 미침,(4) 상당한 영향을 미침,(5) 매우 큰 영향을 미침,(4) 호감이다,(4) 자주 듣는다,(3) 보통이다,0.0,2.0,AI,1.0,2.0,4.0,4.0,3.0,4.0,4.0,4.0,4.0,4.0,5.0
7,6,2025-07-02 17:47:42.616,4,1-8,(2) 아니요,(2) 별로 확신하지 않는다,"(4) 모창 가수(실제 사람)가 부른 후, 후처리(후보정)를 거쳐 제작된 음원으로 보인다.",(2) 별로 확신하지 않는다,(4) 상당한 영향을 미침,(4) 상당한 영향을 미침,(2) 거의 영향을 미치지 않음,(4) 상당한 영향을 미침,(4) 상당한 영향을 미침,(4) 상당한 영향을 미침,(5) 매우 호감이다,(3) 보통이다,(3) 보통이다,0.0,2.0,Other,4.0,2.0,5.0,3.0,3.0,4.0,4.0,2.0,4.0,4.0,4.0
8,4,2025-07-04 19:46:47.898,1,1-8,(2) 아니요,(5) 매우 확신한다,(1) 딥러닝 기반 AI 음성 합성 기술로 생성된 음원으로 보인다.,(3) 보통이다,(2) 거의 영향을 미치지 않음,(2) 거의 영향을 미치지 않음,(2) 거의 영향을 미치지 않음,(4) 상당한 영향을 미침,(4) 상당한 영향을 미침,(4) 상당한 영향을 미침,(3) 보통이다,(3) 보통이다,(2) 거의 모른다,0.0,5.0,AI,1.0,3.0,3.0,3.0,2.0,2.0,2.0,2.0,4.0,4.0,4.0
8,4,2025-07-04 19:46:47.898,2,1-8,(2) 아니요,(3) 보통이다,"(6) 실제 가수가 부른 후, 후처리(후보정)를 거쳐 제작된 음원으로 보인다.",(2) 별로 확신하지 않는다,(2) 거의 영향을 미치지 않음,(3) 다소 영향을 미침,(3) 다소 영향을 미침,(4) 상당한 영향을 미침,(3) 다소 영향을 미침,(4) 상당한 영향을 미침,(4) 호감이다,(3) 보통이다,(3) 보통이다,0.0,3.0,Real,6.0,2.0,4.0,3.0,3.0,2.0,3.0,3.0,4.0,3.0,4.0
8,4,2025-07-04 19:46:47.898,3,1-8,(2) 아니요,(4) 꽤 확신한다,(2) MIDI 기반 음성 합성 엔진(예:보컬로이드) 를 이용해 생선된 음원으로 보인다.,(2) 별로 확신하지 않는다,(3) 다소 영향을 미침,(3) 다소 영향을 미침,(3) 다소 영향을 미침,(4) 상당한 영향을 미침,(3) 다소 영향을 미침,(3) 다소 영향을 미침,(3) 보통이다,(3) 보통이다,(2) 거의 모른다,0.0,4.0,AI,2.0,2.0,3.0,3.0,2.0,3.0,3.0,3.0,4.0,3.0,3.0
8,4,2025-07-04 19:46:47.898,4,1-8,(2) 아니요,(2) 별로 확신하지 않는다,(2) MIDI 기반 음성 합성 엔진(예:보컬로이드) 를 이용해 생선된 음원으로 보인다.,(3) 보통이다,(5) 매우 큰 영향을 미침,(4) 상당한 영향을 미침,(3) 다소 영향을 미침,(4) 상당한 영향을 미침,(3) 다소 영향을 미침,(3) 다소 영향을 미침,(2) 불쾌하다,(3) 보통이다,(3) 보통이다,0.0,2.0,AI,2.0,3.0,2.0,3.0,3.0,5.0,4.0,3.0,4.0,3.0,3.0
9,2,2025-07-05 17:27:16.989,1,1-8,(2) 아니요,(4) 꽤 확신한다,(2) MIDI 기반 음성 합성 엔진(예:보컬로이드) 를 이용해 생선된 음원으로 보인다.,(2) 별로 확신하지 않는다,(2) 거의 영향을 미치지 않음,(2) 거의 영향을 미치지 않음,(4) 상당한 영향을 미침,(4) 상당한 영향을 미침,(3) 다소 영향을 미침,(4) 상당한 영향을 미침,(2) 불쾌하다,(3) 보통이다,(2) 거의 모른다,0.0,4.0,AI,2.0,2.0,2.0,3.0,2.0,2.0,2.0,4.0,4.0,3.0,4.0
9,2,2025-07-05 17:27:16.989,2,1-8,(2) 아니요,(4) 꽤 확신한다,"(4) 모창 가수(실제 사람)가 부른 후, 후처리(후보정)를 거쳐 제작된 음원으로 보인다.",(2) 별로 확신하지 않는다,(2) 거의 영향을 미치지 않음,(3) 다소 영향을 미침,(4) 상당한 영향을 미침,(3) 다소 영향을 미침,(3) 다소 영향을 미침,(5) 매우 큰 영향을 미침,(3) 보통이다,(1) 전혀 들어본 적 없다,(1) 전혀 모른다,0.0,4.0,Other,4.0,2.0,3.0,1.0,1.0,2.0,3.0,4.0,3.0,3.0,5.0
9,2,2025-07-05 17:27:16.989,3,1-8,(2) 아니요,(4) 꽤 확신한다,"(6) 실제 가수가 부른 후, 후처리(후보정)를 거쳐 제작된 음원으로 보인다.",(3) 보통이다,(3) 다소 영향을 미침,(4) 상당한 영향을 미침,(3) 다소 영향을 미침,(3) 다소 영향을 미침,(4) 상당한 영향을 미침,(5) 매우 큰 영향을 미침,(4) 호감이다,(3) 보통이다,(2) 거의 모른다,0.0,4.0,Real,6.0,3.0,4.0,3.0,2.0,3.0,4.0,3.0,3.0,4.0,5.0
9,2,2025-07-05 17:27:16.989,4,1-8,(2) 아니요,(4) 꽤 확신한다,"(5) 실제 가수가 부른 후, 별도의 후처리(후보정) 없이 라이브로 녹음한 음원으로 보인다.",(3) 보통이다,(4) 상당한 영향을 미침,(4) 상당한 영향을 미침,(5) 매우 큰 영향을 미침,(3) 다소 영향을 미침,(4) 상당한 영향을 미침,(5) 매우 큰 영향을 미침,(4) 호감이다,(1) 전혀 들어본 적 없다,(1) 전혀 모른다,0.0,4.0,Real,5.0,3.0,4.0,1.0,1.0,4.0,4.0,5.0,3.0,4.0,5.0
10,6,2025-07-05 17:33:26.980,1,1-8,(2) 아니요,(5) 매우 확신한다,(1) 딥러닝 기반 AI 음성 합성 기술로 생성된 음원으로 보인다.,(3) 보통이다,(2) 거의 영향을 미치지 않음,(2) 거의 영향을 미치지 않음,(2) 거의 영향을 미치지 않음,(4) 상당한 영향을 미침,(2) 거의 영향을 미치지 않음,(3) 다소 영향을 미침,(3) 보통이다,(3) 보통이다,(3) 보통이다,0.0,5.0,AI,1.0,3.0,3.0,3.0,3.0,2.0,2.0,2.0,4.0,2.0,3.0
10,6,2025-07-05 17:33:26.980,2,1-8,(2) 아니요,(3) 보통이다,"(5) 실제 가수가 부른 후, 별도의 후처리(후보정) 없이 라이브로 녹음한 음원으로 보인다.",(3) 보통이다,(3) 다소 영향을 미침,(3) 다소 영향을 미침,(4) 상당한 영향을 미침,(4) 상당한 영향을 미침,(3) 다소 영향을 미침,(4) 상당한 영향을 미침,(5) 매우 호감이다,(3) 보통이다,(3) 보통이다,0.0,3.0,Real,5.0,3.0,5.0,3.0,3.0,3.0,3.0,4.0,4.0,3.0,4.0
10,6,2025-07-05 17:33:26.980,3,1-8,(2) 아니요,(5) 매우 확신한다,(2) MIDI 기반 음성 합성 엔진(예:보컬로이드) 를 이용해 생선된 음원으로 보인다.,(3) 보통이다,(2) 거의 영향을 미치지 않음,(2) 거의 영향을 미치지 않음,(2) 거의 영향을 미치지 않음,(3) 다소 영향을 미침,(2) 거의 영향을 미치지 않음,(4) 상당한 영향을 미침,(3) 보통이다,(3) 보통이다,(3) 보통이다,0.0,5.0,AI,2.0,3.0,3.0,3.0,3.0,2.0,2.0,2.0,3.0,2.0,4.0
10,6,2025-07-05 17:33:26.980,4,1-8,(2) 아니요,(5) 매우 확신한다,"(4) 모창 가수(실제 사람)가 부른 후, 후처리(후보정)를 거쳐 제작된 음원으로 보인다.",(3) 보통이다,(2) 거의 영향을 미치지 않음,(2) 거의 영향을 미치지 않음,(4) 상당한 영향을 미침,(3) 다소 영향을 미침,(3) 다소 영향을 미침,(3) 다소 영향을 미침,(4) 호감이다,(3) 보통이다,(3) 보통이다,0.0,5.0,Other,4.0,3.0,4.0,3.0,3.0,2.0,2.0,4.0,3.0,3.0,3.0
11,5,2025-07-05 18:08:54.352,1,1-8,(2) 아니요,(5) 매우 확신한다,(1) 딥러닝 기반 AI 음성 합성 기술로 생성된 음원으로 보인다.,(4) 꽤 확신한다,(3) 다소 영향을 미침,(4) 상당한 영향을 미침,(2) 거의 영향을 미치지 않음,(5) 매우 큰 영향을 미침,(1) 전혀 영향을 미치지 않음,(1) 전혀 영향을 미치지 않음,(3) 보통이다,(4) 자주 듣는다,(4) 꽤 잘 안다,0.0,5.0,AI,1.0,4.0,3.0,4.0,4.0,3.0,4.0,2.0,5.0,1.0,1.0
11,5,2025-07-05 18:08:54.352,2,1-8,(2) 아니요,(4) 꽤 확신한다,(1) 딥러닝 기반 AI 음성 합성 기술로 생성된 음원으로 보인다.,(4) 꽤 확신한다,(4) 상당한 영향을 미침,(2) 거의 영향을 미치지 않음,(3) 다소 영향을 미침,(4) 상당한 영향을 미침,(4) 상당한 영향을 미침,(5) 매우 큰 영향을 미침,(2) 불쾌하다,(4) 자주 듣는다,(3) 보통이다,0.0,4.0,AI,1.0,4.0,2.0,4.0,3.0,4.0,2.0,3.0,4.0,4.0,5.0
11,5,2025-07-05 18:08:54.352,3,1-8,(2) 아니요,(5) 매우 확신한다,"(6) 실제 가수가 부른 후, 후처리(후보정)를 거쳐 제작된 음원으로 보인다.",(4) 꽤 확신한다,(5) 매우 큰 영향을 미침,(3) 다소 영향을 미침,(2) 거의 영향을 미치지 않음,(5) 매우 큰 영향을 미침,(1) 전혀 영향을 미치지 않음,(3) 다소 영향을 미침,(4) 호감이다,(4) 자주 듣는다,(4) 꽤 잘 안다,0.0,5.0,Real,6.0,4.0,4.0,4.0,4.0,5.0,3.0,2.0,5.0,1.0,3.0
11,5,2025-07-05 18:08:54.352,4,1-8,(2) 아니요,(5) 매우 확신한다,"(4) 모창 가수(실제 사람)가 부른 후, 후처리(후보정)를 거쳐 제작된 음원으로 보인다.",(3) 보통이다,(3) 다소 영향을 미침,(3) 다소 영향을 미침,(5) 매우 큰 영향을 미침,(4) 상당한 영향을 미침,(3) 다소 영향을 미침,(2) 거의 영향을 미치지 않음,(3) 보통이다,(4) 자주 듣는다,(3) 보통이다,0.0,5.0,Other,4.0,3.0,3.0,4.0,3.0,3.0,3.0,5.0,4.0,3.0,2.0
12,6,2025-07-05 18:23:05.392,1,1-8,(2) 아니요,(5) 매우 확신한다,(1) 딥러닝 기반 AI 음성 합성 기술로 생성된 음원으로 보인다.,(3) 보통이다,(2) 거의 영향을 미치지 않음,(2) 거의 영향을 미치지 않음,(2) 거의 영향을 미치지 않음,(4) 상당한 영향을 미침,(2) 거의 영향을 미치지 않음,(3) 다소 영향을 미침,(3) 보통이다,(3) 보통이다,(3) 보통이다,0.0,5.0,AI,1.0,3.0,3.0,3.0,3.0,2.0,2.0,2.0,4.0,2.0,3.0
12,6,2025-07-05 18:23:05.392,2,1-8,(2) 아니요,(3) 보통이다,"(5) 실제 가수가 부른 후, 별도의 후처리(후보정) 없이 라이브로 녹음한 음원으로 보인다.",(3) 보통이다,(3) 다소 영향을 미침,(3) 다소 영향을 미침,(4) 상당한 영향을 미침,(4) 상당한 영향을 미침,(3) 다소 영향을 미침,(4) 상당한 영향을 미침,(5) 매우 호감이다,(3) 보통이다,(3) 보통이다,0.0,3.0,Real,5.0,3.0,5.0,3.0,3.0,3.0,3.0,4.0,4.0,3.0,4.0
12,6,2025-07-05 18:23:05.392,3,1-8,(2) 아니요,(5) 매우 확신한다,(2) MIDI 기반 음성 합성 엔진(예:보컬로이드) 를 이용해 생선된 음원으로 보인다.,(3) 보통이다,(2) 거의 영향을 미치지 않음,(2) 거의 영향을 미치지 않음,(2) 거의 영향을 미치지 않음,(3) 다소 영향을 미침,(2) 거의 영향을 미치지 않음,(4) 상당한 영향을 미침,(3) 보통이다,(3) 보통이다,(3) 보통이다,0.0,5.0,AI,2.0,3.0,3.0,3.0,3.0,2.0,2.0,2.0,3.0,2.0,4.0
12,6,2025-07-05 18:23:05.392,4,1-8,(2) 아니요,(5) 매우 확신한다,"(4) 모창 가수(실제 사람)가 부른 후, 후처리(후보정)를 거쳐 제작된 음원으로 보인다.",(3) 보통이다,(2) 거의 영향을 미치지 않음,(2) 거의 영향을 미치지 않음,(4) 상당한 영향을 미침,(3) 다소 영향을 미침,(3) 다소 영향을 미침,(3) 다소 영향을 미침,(4) 호감이다,(3) 보통이다,(3) 보통이다,0.0,5.0,Other,4.0,3.0,4.0,3.0,3.0,2.0,2.0,4.0,3.0,3.0,3.0
13,7,2025-07-05 19:21:45.006,1,1-8,(2) 아니요,(2) 별로 확신하지 않는다,(1) 딥러닝 기반 AI 음성 합성 기술로 생성된 음원으로 보인다.,(2) 별로 확신하지 않는다,(3) 다소 영향을 미침,(3) 다소 영향을 미침,(1) 전혀 영향을 미치지 않음,,(5) 매우 큰 영향을 미침,(3) 다소 영향을 미침,(3) 보통이다,(3) 보통이다,(4) 꽤 잘 안다,0.0,2.0,AI,1.0,2.0,3.0,3.0,4.0,3.0,3.0,1.0,,5.0,3.0
13,7,2025-07-05 19:21:45.006,2,1-8,(2) 아니요,(4) 꽤 확신한다,"(5) 실제 가수가 부른 후, 별도의 후처리(후보정) 없이 라이브로 녹음한 음원으로 보인다.",(4) 꽤 확신한다,(5) 매우 큰 영향을 미침,(5) 매우 큰 영향을 미침,(1) 전혀 영향을 미치지 않음,(5) 매우 큰 영향을 미침,(3) 다소 영향을 미침,(3) 다소 영향을 미침,(4) 호감이다,(4) 자주 듣는다,(4) 꽤 잘 안다,0.0,4.0,Real,5.0,4.0,4.0,4.0,4.0,5.0,5.0,1.0,5.0,3.0,3.0
13,7,2025-07-05 19:21:45.006,3,1-8,(2) 아니요,(2) 별로 확신하지 않는다,"(6) 실제 가수가 부른 후, 후처리(후보정)를 거쳐 제작된 음원으로 보인다.",(4) 꽤 확신한다,(5) 매우 큰 영향을 미침,(5) 매우 큰 영향을 미침,(1) 전혀 영향을 미치지 않음,(5) 매우 큰 영향을 미침,(2) 거의 영향을 미치지 않음,(2) 거의 영향을 미치지 않음,(4) 호감이다,(3) 보통이다,(4) 꽤 잘 안다,0.0,2.0,Real,6.0,4.0,4.0,3.0,4.0,5.0,5.0,1.0,5.0,2.0,2.0
13,7,2025-07-05 19:21:45.006,4,1-8,(2) 아니요,(4) 꽤 확신한다,(1) 딥러닝 기반 AI 음성 합성 기술로 생성된 음원으로 보인다.,(4) 꽤 확신한다,(5) 매우 큰 영향을 미침,(5) 매우 큰 영향을 미침,(2) 거의 영향을 미치지 않음,(2) 거의 영향을 미치지 않음,(5) 매우 큰 영향을 미침,(5) 매우 큰 영향을 미침,(3) 보통이다,(4) 자주 듣는다,(4) 꽤 잘 안다,0.0,4.0,AI,1.0,4.0,3.0,4.0,4.0,5.0,5.0,2.0,2.0,5.0,5.0
14,4,2025-07-05 19:40:02.445,1,1-8,(2) 아니요,(3) 보통이다,(1) 딥러닝 기반 AI 음성 합성 기술로 생성된 음원으로 보인다.,(4) 꽤 확신한다,(3) 다소 영향을 미침,(4) 상당한 영향을 미침,(3) 다소 영향을 미침,(4) 상당한 영향을 미침,(2) 거의 영향을 미치지 않음,(5) 매우 큰 영향을 미침,(3) 보통이다,(5) 매우 자주 듣는다,(4) 꽤 잘 안다,0.0,3.0,AI,1.0,4.0,3.0,5.0,4.0,3.0,4.0,3.0,4.0,2.0,5.0
14,4,2025-07-05 19:40:02.445,2,1-8,(2) 아니요,(3) 보통이다,"(6) 실제 가수가 부른 후, 후처리(후보정)를 거쳐 제작된 음원으로 보인다.",(4) 꽤 확신한다,(4) 상당한 영향을 미침,(3) 다소 영향을 미침,(4) 상당한 영향을 미침,(4) 상당한 영향을 미침,(3) 다소 영향을 미침,(5) 매우 큰 영향을 미침,(4) 호감이다,(5) 매우 자주 듣는다,(4) 꽤 잘 안다,0.0,3.0,Real,6.0,4.0,4.0,5.0,4.0,4.0,3.0,4.0,4.0,3.0,5.0
14,4,2025-07-05 19:40:02.445,3,1-8,(2) 아니요,(2) 별로 확신하지 않는다,"(5) 실제 가수가 부른 후, 별도의 후처리(후보정) 없이 라이브로 녹음한 음원으로 보인다.",(4) 꽤 확신한다,(4) 상당한 영향을 미침,(4) 상당한 영향을 미침,(3) 다소 영향을 미침,(4) 상당한 영향을 미침,(4) 상당한 영향을 미침,(5) 매우 큰 영향을 미침,(4) 호감이다,(5) 매우 자주 듣는다,(4) 꽤 잘 안다,0.0,2.0,Real,5.0,4.0,4.0,5.0,4.0,4.0,4.0,3.0,4.0,4.0,5.0
14,4,2025-07-05 19:40:02.445,4,1-8,(2) 아니요,(3) 보통이다,"(5) 실제 가수가 부른 후, 별도의 후처리(후보정) 없이 라이브로 녹음한 음원으로 보인다.",(3) 보통이다,(3) 다소 영향을 미침,(4) 상당한 영향을 미침,(3) 다소 영향을 미침,(5) 매우 큰 영향을 미침,(4) 상당한 영향을 미침,(5) 매우 큰 영향을 미침,(3) 보통이다,(5) 매우 자주 듣는다,(4) 꽤 잘 안다,0.0,3.0,Real,5.0,3.0,3.0,5.0,4.0,3.0,4.0,3.0,5.0,4.0,5.0
15,4,2025-07-06 13:18:59.561,1,1-8,(2) 아니요,(5) 매우 확신한다,(1) 딥러닝 기반 AI 음성 합성 기술로 생성된 음원으로 보인다.,(4) 꽤 확신한다,(4) 상당한 영향을 미침,(4) 상당한 영향을 미침,(5) 매우 큰 영향을 미침,(3) 다소 영향을 미침,(4) 상당한 영향을 미침,(4) 상당한 영향을 미침,(3) 보통이다,(5) 매우 자주 듣는다,(5) 매우 잘 안다,0.0,5.0,AI,1.0,4.0,3.0,5.0,5.0,4.0,4.0,5.0,3.0,4.0,4.0
15,4,2025-07-06 13:18:59.561,2,1-8,(2) 아니요,(3) 보통이다,"(6) 실제 가수가 부른 후, 후처리(후보정)를 거쳐 제작된 음원으로 보인다.",(3) 보통이다,(4) 상당한 영향을 미침,(4) 상당한 영향을 미침,(4) 상당한 영향을 미침,(4) 상당한 영향을 미침,(5) 매우 큰 영향을 미침,(5) 매우 큰 영향을 미침,(4) 호감이다,(4) 자주 듣는다,(4) 꽤 잘 안다,0.0,3.0,Real,6.0,3.0,4.0,4.0,4.0,4.0,4.0,4.0,4.0,5.0,5.0
15,4,2025-07-06 13:18:59.561,3,1-8,(2) 아니요,(4) 꽤 확신한다,"(5) 실제 가수가 부른 후, 별도의 후처리(후보정) 없이 라이브로 녹음한 음원으로 보인다.",(2) 별로 확신하지 않는다,(4) 상당한 영향을 미침,(4) 상당한 영향을 미침,(2) 거의 영향을 미치지 않음,(5) 매우 큰 영향을 미침,(4) 상당한 영향을 미침,(3) 다소 영향을 미침,(3) 보통이다,(5) 매우 자주 듣는다,(5) 매우 잘 안다,0.0,4.0,Real,5.0,2.0,3.0,5.0,5.0,4.0,4.0,2.0,5.0,4.0,3.0
15,4,2025-07-06 13:18:59.561,4,1-8,(2) 아니요,(3) 보통이다,"(5) 실제 가수가 부른 후, 별도의 후처리(후보정) 없이 라이브로 녹음한 음원으로 보인다.",(4) 꽤 확신한다,(4) 상당한 영향을 미침,(4) 상당한 영향을 미침,(2) 거의 영향을 미치지 않음,(5) 매우 큰 영향을 미침,(5) 매우 큰 영향을 미침,(5) 매우 큰 영향을 미침,(3) 보통이다,(4) 자주 듣는다,(4) 꽤 잘 안다,0.0,3.0,Real,5.0,4.0,3.0,4.0,4.0,4.0,4.0,2.0,5.0,5.0,5.0
16,7,2025-07-06 13:23:45.308,1,1-8,(2) 아니요,(5) 매우 확신한다,(1) 딥러닝 기반 AI 음성 합성 기술로 생성된 음원으로 보인다.,(2) 별로 확신하지 않는다,(2) 거의 영향을 미치지 않음,(2) 거의 영향을 미치지 않음,(3) 다소 영향을 미침,(4) 상당한 영향을 미침,(2) 거의 영향을 미치지 않음,(4) 상당한 영향을 미침,(3) 보통이다,(5) 매우 자주 듣는다,(4) 꽤 잘 안다,0.0,5.0,AI,1.0,2.0,3.0,5.0,4.0,2.0,2.0,3.0,4.0,2.0,4.0
16,7,2025-07-06 13:23:45.308,2,1-8,(2) 아니요,(5) 매우 확신한다,"(3) 모창 가수(실제 사람)가 부른 후, 별도의 후처리(후보정) 없이 라이브로 녹음한 음원으로 보인다.",(2) 별로 확신하지 않는다,(4) 상당한 영향을 미침,(4) 상당한 영향을 미침,(2) 거의 영향을 미치지 않음,(2) 거의 영향을 미치지 않음,(2) 거의 영향을 미치지 않음,(4) 상당한 영향을 미침,(3) 보통이다,(4) 자주 듣는다,(4) 꽤 잘 안다,0.0,5.0,Other,3.0,2.0,3.0,4.0,4.0,4.0,4.0,2.0,2.0,2.0,4.0
16,7,2025-07-06 13:23:45.308,3,1-8,(2) 아니요,(5) 매우 확신한다,(1) 딥러닝 기반 AI 음성 합성 기술로 생성된 음원으로 보인다.,(3) 보통이다,(2) 거의 영향을 미치지 않음,(2) 거의 영향을 미치지 않음,(2) 거의 영향을 미치지 않음,(2) 거의 영향을 미치지 않음,(4) 상당한 영향을 미침,(4) 상당한 영향을 미침,(4) 호감이다,(5) 매우 자주 듣는다,(4) 꽤 잘 안다,0.0,5.0,AI,1.0,3.0,4.0,5.0,4.0,2.0,2.0,2.0,2.0,4.0,4.0
16,7,2025-07-06 13:23:45.308,4,1-8,(2) 아니요,(5) 매우 확신한다,(2) MIDI 기반 음성 합성 엔진(예:보컬로이드) 를 이용해 생선된 음원으로 보인다.,(4) 꽤 확신한다,(4) 상당한 영향을 미침,(4) 상당한 영향을 미침,(2) 거의 영향을 미치지 않음,(2) 거의 영향을 미치지 않음,(2) 거의 영향을 미치지 않음,(4) 상당한 영향을 미침,(2) 불쾌하다,(4) 자주 듣는다,(4) 꽤 잘 안다,0.0,5.0,AI,2.0,4.0,2.0,4.0,4.0,4.0,4.0,2.0,2.0,2.0,4.0
17,8,2025-07-12 18:44:04.004,1,1-8,(2) 아니요,(4) 꽤 확신한다,(1) 딥러닝 기반 AI 음성 합성 기술로 생성된 음원으로 보인다.,(1) 전혀 확신하지 않는다,(3) 다소 영향을 미침,(3) 다소 영향을 미침,(2) 거의 영향을 미치지 않음,(2) 거의 영향을 미치지 않음,(3) 다소 영향을 미침,(4) 상당한 영향을 미침,(4) 호감이다,(4) 자주 듣는다,(4) 꽤 잘 안다,0.0,4.0,AI,1.0,1.0,4.0,4.0,4.0,3.0,3.0,2.0,2.0,3.0,4.0
17,8,2025-07-12 18:44:04.004,2,1-8,(2) 아니요,(4) 꽤 확신한다,"(4) 모창 가수(실제 사람)가 부른 후, 후처리(후보정)를 거쳐 제작된 음원으로 보인다.",(2) 별로 확신하지 않는다,(4) 상당한 영향을 미침,(4) 상당한 영향을 미침,(2) 거의 영향을 미치지 않음,(1) 전혀 영향을 미치지 않음,(3) 다소 영향을 미침,(4) 상당한 영향을 미침,(4) 호감이다,(3) 보통이다,(3) 보통이다,0.0,4.0,Other,4.0,2.0,4.0,3.0,3.0,4.0,4.0,2.0,1.0,3.0,4.0
17,8,2025-07-12 18:44:04.004,3,1-8,(2) 아니요,(3) 보통이다,"(4) 모창 가수(실제 사람)가 부른 후, 후처리(후보정)를 거쳐 제작된 음원으로 보인다.",(3) 보통이다,(4) 상당한 영향을 미침,(5) 매우 큰 영향을 미침,(2) 거의 영향을 미치지 않음,(3) 다소 영향을 미침,(3) 다소 영향을 미침,(4) 상당한 영향을 미침,(3) 보통이다,(4) 자주 듣는다,(4) 꽤 잘 안다,0.0,3.0,Other,4.0,3.0,3.0,4.0,4.0,4.0,5.0,2.0,3.0,3.0,4.0
17,8,2025-07-12 18:44:04.004,4,1-8,(2) 아니요,(3) 보통이다,(2) MIDI 기반 음성 합성 엔진(예:보컬로이드) 를 이용해 생선된 음원으로 보인다.,(3) 보통이다,(3) 다소 영향을 미침,(3) 다소 영향을 미침,(2) 거의 영향을 미치지 않음,(3) 다소 영향을 미침,(2) 거의 영향을 미치지 않음,(4) 상당한 영향을 미침,(4) 호감이다,(3) 보통이다,(3) 보통이다,0.0,3.0,AI,2.0,3.0,4.0,3.0,3.0,3.0,3.0,2.0,3.0,2.0,4.0
18,7,2025-07-12 18:56:29.676,1,1-8,(2) 아니요,(5) 매우 확신한다,(1) 딥러닝 기반 AI 음성 합성 기술로 생성된 음원으로 보인다.,(4) 꽤 확신한다,(1) 전혀 영향을 미치지 않음,(1) 전혀 영향을 미치지 않음,(1) 전혀 영향을 미치지 않음,(3) 다소 영향을 미침,(1) 전혀 영향을 미치지 않음,(1) 전혀 영향을 미치지 않음,(3) 보통이다,(4) 자주 듣는다,(4) 꽤 잘 안다,0.0,5.0,AI,1.0,4.0,3.0,4.0,4.0,1.0,1.0,1.0,3.0,1.0,1.0
18,7,2025-07-12 18:56:29.676,2,1-8,(2) 아니요,(5) 매우 확신한다,(1) 딥러닝 기반 AI 음성 합성 기술로 생성된 음원으로 보인다.,(2) 별로 확신하지 않는다,(3) 다소 영향을 미침,(3) 다소 영향을 미침,(1) 전혀 영향을 미치지 않음,(4) 상당한 영향을 미침,(1) 전혀 영향을 미치지 않음,(3) 다소 영향을 미침,(4) 호감이다,(5) 매우 자주 듣는다,(5) 매우 잘 안다,0.0,5.0,AI,1.0,2.0,4.0,5.0,5.0,3.0,3.0,1.0,4.0,1.0,3.0
18,7,2025-07-12 18:56:29.676,3,1-8,(2) 아니요,(2) 별로 확신하지 않는다,(1) 딥러닝 기반 AI 음성 합성 기술로 생성된 음원으로 보인다.,(4) 꽤 확신한다,(4) 상당한 영향을 미침,(4) 상당한 영향을 미침,(2) 거의 영향을 미치지 않음,(3) 다소 영향을 미침,(1) 전혀 영향을 미치지 않음,(1) 전혀 영향을 미치지 않음,(3) 보통이다,(4) 자주 듣는다,(4) 꽤 잘 안다,0.0,2.0,AI,1.0,4.0,3.0,4.0,4.0,4.0,4.0,2.0,3.0,1.0,1.0
18,7,2025-07-12 18:56:29.676,4,1-8,(2) 아니요,(5) 매우 확신한다,"(4) 모창 가수(실제 사람)가 부른 후, 후처리(후보정)를 거쳐 제작된 음원으로 보인다.",(2) 별로 확신하지 않는다,(3) 다소 영향을 미침,(3) 다소 영향을 미침,(1) 전혀 영향을 미치지 않음,(4) 상당한 영향을 미침,(1) 전혀 영향을 미치지 않음,,(3) 보통이다,(5) 매우 자주 듣는다,(5) 매우 잘 안다,0.0,5.0,Other,4.0,2.0,3.0,5.0,5.0,3.0,3.0,1.0,4.0,1.0,
19,5,2025-07-12 19:04:11.608,1,1-8,(2) 아니요,(3) 보통이다,"(3) 모창 가수(실제 사람)가 부른 후, 별도의 후처리(후보정) 없이 라이브로 녹음한 음원으로 보인다.",(2) 별로 확신하지 않는다,(4) 상당한 영향을 미침,(4) 상당한 영향을 미침,(4) 상당한 영향을 미침,(4) 상당한 영향을 미침,,(3) 다소 영향을 미침,(4) 호감이다,(4) 자주 듣는다,(3) 보통이다,0.0,3.0,Other,3.0,2.0,4.0,4.0,3.0,4.0,4.0,4.0,4.0,,3.0
19,5,2025-07-12 19:04:11.608,2,1-8,(2) 아니요,(2) 별로 확신하지 않는다,"(5) 실제 가수가 부른 후, 별도의 후처리(후보정) 없이 라이브로 녹음한 음원으로 보인다.",(2) 별로 확신하지 않는다,(3) 다소 영향을 미침,(4) 상당한 영향을 미침,(5) 매우 큰 영향을 미침,(4) 상당한 영향을 미침,(3) 다소 영향을 미침,(3) 다소 영향을 미침,(4) 호감이다,(4) 자주 듣는다,(3) 보통이다,0.0,2.0,Real,5.0,2.0,4.0,4.0,3.0,3.0,4.0,5.0,4.0,3.0,3.0
19,5,2025-07-12 19:04:11.608,3,1-8,(2) 아니요,(1) 전혀 확신하지 않는다,"(5) 실제 가수가 부른 후, 별도의 후처리(후보정) 없이 라이브로 녹음한 음원으로 보인다.",(4) 꽤 확신한다,(2) 거의 영향을 미치지 않음,(5) 매우 큰 영향을 미침,(4) 상당한 영향을 미침,(5) 매우 큰 영향을 미침,(4) 상당한 영향을 미침,(5) 매우 큰 영향을 미침,(5) 매우 호감이다,(4) 자주 듣는다,(3) 보통이다,0.0,1.0,Real,5.0,4.0,5.0,4.0,3.0,2.0,5.0,4.0,5.0,4.0,5.0
19,5,2025-07-12 19:04:11.608,4,1-8,(2) 아니요,(3) 보통이다,(1) 딥러닝 기반 AI 음성 합성 기술로 생성된 음원으로 보인다.,(5) 매우 확신한다,(4) 상당한 영향을 미침,(5) 매우 큰 영향을 미침,(5) 매우 큰 영향을 미침,(5) 매우 큰 영향을 미침,(4) 상당한 영향을 미침,(5) 매우 큰 영향을 미침,(3) 보통이다,(4) 자주 듣는다,(3) 보통이다,0.0,3.0,AI,1.0,5.0,3.0,4.0,3.0,4.0,5.0,5.0,5.0,4.0,5.0
20,1,2025-07-12 19:11:49.175,1,1-8,(2) 아니요,(2) 별로 확신하지 않는다,"(6) 실제 가수가 부른 후, 후처리(후보정)를 거쳐 제작된 음원으로 보인다.",(3) 보통이다,(2) 거의 영향을 미치지 않음,(2) 거의 영향을 미치지 않음,(2) 거의 영향을 미치지 않음,(5) 매우 큰 영향을 미침,(4) 상당한 영향을 미침,(5) 매우 큰 영향을 미침,(4) 호감이다,(5) 매우 자주 듣는다,(4) 꽤 잘 안다,0.0,2.0,Real,6.0,3.0,4.0,5.0,4.0,2.0,2.0,2.0,5.0,4.0,5.0
20,1,2025-07-12 19:11:49.175,2,1-8,(2) 아니요,(2) 별로 확신하지 않는다,(2) MIDI 기반 음성 합성 엔진(예:보컬로이드) 를 이용해 생선된 음원으로 보인다.,(2) 별로 확신하지 않는다,(3) 다소 영향을 미침,(3) 다소 영향을 미침,(2) 거의 영향을 미치지 않음,(5) 매우 큰 영향을 미침,(4) 상당한 영향을 미침,(4) 상당한 영향을 미침,(4) 호감이다,(5) 매우 자주 듣는다,(5) 매우 잘 안다,0.0,2.0,AI,2.0,2.0,4.0,5.0,5.0,3.0,3.0,2.0,5.0,4.0,4.0
20,1,2025-07-12 19:11:49.175,3,1-8,(2) 아니요,(5) 매우 확신한다,"(6) 실제 가수가 부른 후, 후처리(후보정)를 거쳐 제작된 음원으로 보인다.",(4) 꽤 확신한다,(4) 상당한 영향을 미침,(4) 상당한 영향을 미침,(4) 상당한 영향을 미침,(5) 매우 큰 영향을 미침,(3) 다소 영향을 미침,(3) 다소 영향을 미침,(4) 호감이다,(5) 매우 자주 듣는다,(4) 꽤 잘 안다,0.0,5.0,Real,6.0,4.0,4.0,5.0,4.0,4.0,4.0,4.0,5.0,3.0,3.0
20,1,2025-07-12 19:11:49.175,4,1-8,(2) 아니요,(4) 꽤 확신한다,(2) MIDI 기반 음성 합성 엔진(예:보컬로이드) 를 이용해 생선된 음원으로 보인다.,(2) 별로 확신하지 않는다,(4) 상당한 영향을 미침,(4) 상당한 영향을 미침,(5) 매우 큰 영향을 미침,(5) 매우 큰 영향을 미침,(3) 다소 영향을 미침,(3) 다소 영향을 미침,(4) 호감이다,(5) 매우 자주 듣는다,(5) 매우 잘 안다,0.0,4.0,AI,2.0,2.0,4.0,5.0,5.0,4.0,4.0,5.0,5.0,3.0,3.0
21,2,2025-07-12 19:21:32.363,1,1-8,(1) 예,(2) 별로 확신하지 않는다,"(5) 실제 가수가 부른 후, 별도의 후처리(후보정) 없이 라이브로 녹음한 음원으로 보인다.",(4) 꽤 확신한다,(3) 다소 영향을 미침,(3) 다소 영향을 미침,(4) 상당한 영향을 미침,(3) 다소 영향을 미침,(2) 거의 영향을 미치지 않음,(2) 거의 영향을 미치지 않음,(3) 보통이다,(2) 거의 들어본 적 없다,(2) 거의 모른다,1.0,2.0,Real,5.0,4.0,3.0,2.0,2.0,3.0,3.0,4.0,3.0,2.0,2.0
21,2,2025-07-12 19:21:32.363,2,1-8,(2) 아니요,(4) 꽤 확신한다,"(4) 모창 가수(실제 사람)가 부른 후, 후처리(후보정)를 거쳐 제작된 음원으로 보인다.",(4) 꽤 확신한다,(2) 거의 영향을 미치지 않음,(2) 거의 영향을 미치지 않음,(3) 다소 영향을 미침,(3) 다소 영향을 미침,(3) 다소 영향을 미침,(3) 다소 영향을 미침,(3) 보통이다,(4) 자주 듣는다,(4) 꽤 잘 안다,0.0,4.0,Other,4.0,4.0,3.0,4.0,4.0,2.0,2.0,3.0,3.0,3.0,3.0
21,2,2025-07-12 19:21:32.363,3,1-8,(2) 아니요,(4) 꽤 확신한다,(1) 딥러닝 기반 AI 음성 합성 기술로 생성된 음원으로 보인다.,(4) 꽤 확신한다,(2) 거의 영향을 미치지 않음,(2) 거의 영향을 미치지 않음,(3) 다소 영향을 미침,(4) 상당한 영향을 미침,(4) 상당한 영향을 미침,(4) 상당한 영향을 미침,(2) 불쾌하다,(2) 거의 들어본 적 없다,(2) 거의 모른다,0.0,4.0,AI,1.0,4.0,2.0,2.0,2.0,2.0,2.0,3.0,4.0,4.0,4.0
21,2,2025-07-12 19:21:32.363,4,1-8,(2) 아니요,(5) 매우 확신한다,(1) 딥러닝 기반 AI 음성 합성 기술로 생성된 음원으로 보인다.,(4) 꽤 확신한다,(3) 다소 영향을 미침,(3) 다소 영향을 미침,(4) 상당한 영향을 미침,(5) 매우 큰 영향을 미침,(5) 매우 큰 영향을 미침,(4) 상당한 영향을 미침,(1) 매우 불쾌하다,(4) 자주 듣는다,(4) 꽤 잘 안다,0.0,5.0,AI,1.0,4.0,1.0,4.0,4.0,3.0,3.0,4.0,5.0,5.0,4.0
22,1,2025-07-13 15:19:34.572,1,1-8,(2) 아니요,(4) 꽤 확신한다,"(5) 실제 가수가 부른 후, 별도의 후처리(후보정) 없이 라이브로 녹음한 음원으로 보인다.",(4) 꽤 확신한다,(4) 상당한 영향을 미침,(4) 상당한 영향을 미침,(4) 상당한 영향을 미침,(5) 매우 큰 영향을 미침,(3) 다소 영향을 미침,(4) 상당한 영향을 미침,(5) 매우 호감이다,(3) 보통이다,(2) 거의 모른다,0.0,4.0,Real,5.0,4.0,5.0,3.0,2.0,4.0,4.0,4.0,5.0,3.0,4.0
22,1,2025-07-13 15:19:34.572,2,1-8,(2) 아니요,(4) 꽤 확신한다,"(3) 모창 가수(실제 사람)가 부른 후, 별도의 후처리(후보정) 없이 라이브로 녹음한 음원으로 보인다.",(3) 보통이다,(5) 매우 큰 영향을 미침,(4) 상당한 영향을 미침,(3) 다소 영향을 미침,(4) 상당한 영향을 미침,(4) 상당한 영향을 미침,(4) 상당한 영향을 미침,(3) 보통이다,(4) 자주 듣는다,(4) 꽤 잘 안다,0.0,4.0,Other,3.0,3.0,3.0,4.0,4.0,5.0,4.0,3.0,4.0,4.0,4.0
22,1,2025-07-13 15:19:34.572,3,1-8,(2) 아니요,(3) 보통이다,"(5) 실제 가수가 부른 후, 별도의 후처리(후보정) 없이 라이브로 녹음한 음원으로 보인다.",(4) 꽤 확신한다,(4) 상당한 영향을 미침,(4) 상당한 영향을 미침,(3) 다소 영향을 미침,(5) 매우 큰 영향을 미침,(4) 상당한 영향을 미침,(4) 상당한 영향을 미침,(5) 매우 호감이다,(3) 보통이다,(2) 거의 모른다,0.0,3.0,Real,5.0,4.0,5.0,3.0,2.0,4.0,4.0,3.0,5.0,4.0,4.0
22,1,2025-07-13 15:19:34.572,4,1-8,(2) 아니요,(3) 보통이다,"(4) 모창 가수(실제 사람)가 부른 후, 후처리(후보정)를 거쳐 제작된 음원으로 보인다.",(2) 별로 확신하지 않는다,(3) 다소 영향을 미침,(4) 상당한 영향을 미침,(4) 상당한 영향을 미침,(5) 매우 큰 영향을 미침,(3) 다소 영향을 미침,(5) 매우 큰 영향을 미침,(3) 보통이다,(4) 자주 듣는다,(4) 꽤 잘 안다,0.0,3.0,Other,4.0,2.0,3.0,4.0,4.0,3.0,4.0,4.0,5.0,3.0,5.0
23,1,2025-07-13 15:48:07.543,1,1-8,(2) 아니요,(4) 꽤 확신한다,"(5) 실제 가수가 부른 후, 별도의 후처리(후보정) 없이 라이브로 녹음한 음원으로 보인다.",(2) 별로 확신하지 않는다,(2) 거의 영향을 미치지 않음,(2) 거의 영향을 미치지 않음,(2) 거의 영향을 미치지 않음,(3) 다소 영향을 미침,(2) 거의 영향을 미치지 않음,(3) 다소 영향을 미침,(3) 보통이다,(3) 보통이다,(2) 거의 모른다,0.0,4.0,Real,5.0,2.0,3.0,3.0,2.0,2.0,2.0,2.0,3.0,2.0,3.0
23,1,2025-07-13 15:48:07.543,2,1-8,(1) 예,(2) 별로 확신하지 않는다,"(6) 실제 가수가 부른 후, 후처리(후보정)를 거쳐 제작된 음원으로 보인다.",(2) 별로 확신하지 않는다,(2) 거의 영향을 미치지 않음,(2) 거의 영향을 미치지 않음,(2) 거의 영향을 미치지 않음,(3) 다소 영향을 미침,(2) 거의 영향을 미치지 않음,(3) 다소 영향을 미침,(3) 보통이다,(4) 자주 듣는다,(3) 보통이다,1.0,2.0,Real,6.0,2.0,3.0,4.0,3.0,2.0,2.0,2.0,3.0,2.0,3.0
23,1,2025-07-13 15:48:07.543,3,1-8,(2) 아니요,(4) 꽤 확신한다,(1) 딥러닝 기반 AI 음성 합성 기술로 생성된 음원으로 보인다.,(2) 별로 확신하지 않는다,(3) 다소 영향을 미침,(2) 거의 영향을 미치지 않음,(2) 거의 영향을 미치지 않음,(3) 다소 영향을 미침,(2) 거의 영향을 미치지 않음,(2) 거의 영향을 미치지 않음,(3) 보통이다,(3) 보통이다,(2) 거의 모른다,0.0,4.0,AI,1.0,2.0,3.0,3.0,2.0,3.0,2.0,2.0,3.0,2.0,2.0
23,1,2025-07-13 15:48:07.543,4,1-8,(2) 아니요,(4) 꽤 확신한다,(1) 딥러닝 기반 AI 음성 합성 기술로 생성된 음원으로 보인다.,,(3) 다소 영향을 미침,(3) 다소 영향을 미침,(2) 거의 영향을 미치지 않음,(3) 다소 영향을 미침,(2) 거의 영향을 미치지 않음,(2) 거의 영향을 미치지 않음,(3) 보통이다,(4) 자주 듣는다,(3) 보통이다,0.0,4.0,AI,1.0,,3.0,4.0,3.0,3.0,3.0,2.0,3.0,2.0,2.0
24,2,2025-07-13 16:22:26.398,1,1-8,(2) 아니요,(5) 매우 확신한다,"(6) 실제 가수가 부른 후, 후처리(후보정)를 거쳐 제작된 음원으로 보인다.",(4) 꽤 확신한다,(3) 다소 영향을 미침,(3) 다소 영향을 미침,(5) 매우 큰 영향을 미침,(5) 매우 큰 영향을 미침,(2) 거의 영향을 미치지 않음,(5) 매우 큰 영향을 미침,(5) 매우 호감이다,(4) 자주 듣는다,(3) 보통이다,0.0,5.0,Real,6.0,4.0,5.0,4.0,3.0,3.0,3.0,5.0,5.0,2.0,5.0
24,2,2025-07-13 16:22:26.398,2,1-8,(2) 아니요,(5) 매우 확신한다,(1) 딥러닝 기반 AI 음성 합성 기술로 생성된 음원으로 보인다.,(3) 보통이다,(5) 매우 큰 영향을 미침,(5) 매우 큰 영향을 미침,(3) 다소 영향을 미침,(3) 다소 영향을 미침,(3) 다소 영향을 미침,(2) 거의 영향을 미치지 않음,(2) 불쾌하다,(3) 보통이다,(2) 거의 모른다,0.0,5.0,AI,1.0,3.0,2.0,3.0,2.0,5.0,5.0,3.0,3.0,3.0,2.0
24,2,2025-07-13 16:22:26.398,3,1-8,(2) 아니요,(5) 매우 확신한다,(1) 딥러닝 기반 AI 음성 합성 기술로 생성된 음원으로 보인다.,(4) 꽤 확신한다,(3) 다소 영향을 미침,(2) 거의 영향을 미치지 않음,(2) 거의 영향을 미치지 않음,(5) 매우 큰 영향을 미침,(3) 다소 영향을 미침,(5) 매우 큰 영향을 미침,(1) 매우 불쾌하다,(4) 자주 듣는다,(3) 보통이다,0.0,5.0,AI,1.0,4.0,1.0,4.0,3.0,3.0,2.0,2.0,5.0,3.0,5.0
24,2,2025-07-13 16:22:26.398,4,1-8,(2) 아니요,(5) 매우 확신한다,"(3) 모창 가수(실제 사람)가 부른 후, 별도의 후처리(후보정) 없이 라이브로 녹음한 음원으로 보인다.",(5) 매우 확신한다,(4) 상당한 영향을 미침,(4) 상당한 영향을 미침,(3) 다소 영향을 미침,(5) 매우 큰 영향을 미침,(3) 다소 영향을 미침,(4) 상당한 영향을 미침,(3) 보통이다,(3) 보통이다,(2) 거의 모른다,0.0,5.0,Other,3.0,5.0,3.0,3.0,2.0,4.0,4.0,3.0,5.0,3.0,4.0
25,2,2025-07-13 16:55:35.273,1,1-8,(2) 아니요,(2) 별로 확신하지 않는다,(1) 딥러닝 기반 AI 음성 합성 기술로 생성된 음원으로 보인다.,(1) 전혀 확신하지 않는다,(3) 다소 영향을 미침,(3) 다소 영향을 미침,(1) 전혀 영향을 미치지 않음,(3) 다소 영향을 미침,(3) 다소 영향을 미침,(3) 다소 영향을 미침,(4) 호감이다,(4) 자주 듣는다,(3) 보통이다,0.0,2.0,AI,1.0,1.0,4.0,4.0,3.0,3.0,3.0,1.0,3.0,3.0,3.0
25,2,2025-07-13 16:55:35.273,2,1-8,(2) 아니요,(3) 보통이다,"(4) 모창 가수(실제 사람)가 부른 후, 후처리(후보정)를 거쳐 제작된 음원으로 보인다.",(1) 전혀 확신하지 않는다,(3) 다소 영향을 미침,(3) 다소 영향을 미침,(1) 전혀 영향을 미치지 않음,(3) 다소 영향을 미침,(2) 거의 영향을 미치지 않음,(3) 다소 영향을 미침,(4) 호감이다,(5) 매우 자주 듣는다,(4) 꽤 잘 안다,0.0,3.0,Other,4.0,1.0,4.0,5.0,4.0,3.0,3.0,1.0,3.0,2.0,3.0
25,2,2025-07-13 16:55:35.273,3,1-8,(2) 아니요,(2) 별로 확신하지 않는다,"(3) 모창 가수(실제 사람)가 부른 후, 별도의 후처리(후보정) 없이 라이브로 녹음한 음원으로 보인다.",(1) 전혀 확신하지 않는다,(3) 다소 영향을 미침,(3) 다소 영향을 미침,(1) 전혀 영향을 미치지 않음,(4) 상당한 영향을 미침,(2) 거의 영향을 미치지 않음,(3) 다소 영향을 미침,(4) 호감이다,(4) 자주 듣는다,(3) 보통이다,0.0,2.0,Other,3.0,1.0,4.0,4.0,3.0,3.0,3.0,1.0,4.0,2.0,3.0
25,2,2025-07-13 16:55:35.273,4,1-8,(2) 아니요,(3) 보통이다,"(3) 모창 가수(실제 사람)가 부른 후, 별도의 후처리(후보정) 없이 라이브로 녹음한 음원으로 보인다.",(2) 별로 확신하지 않는다,(2) 거의 영향을 미치지 않음,(2) 거의 영향을 미치지 않음,(1) 전혀 영향을 미치지 않음,(4) 상당한 영향을 미침,(2) 거의 영향을 미치지 않음,(2) 거의 영향을 미치지 않음,(4) 호감이다,(5) 매우 자주 듣는다,(4) 꽤 잘 안다,0.0,3.0,Other,3.0,2.0,4.0,5.0,4.0,2.0,2.0,1.0,4.0,2.0,2.0
26,1,2025-07-13 17:25:26.059,1,1-8,(1) 예,(2) 별로 확신하지 않는다,"(5) 실제 가수가 부른 후, 별도의 후처리(후보정) 없이 라이브로 녹음한 음원으로 보인다.",(3) 보통이다,(4) 상당한 영향을 미침,(4) 상당한 영향을 미침,(3) 다소 영향을 미침,(1) 전혀 영향을 미치지 않음,(2) 거의 영향을 미치지 않음,(3) 다소 영향을 미침,(4) 호감이다,(3) 보통이다,(4) 꽤 잘 안다,1.0,2.0,Real,5.0,3.0,4.0,3.0,4.0,4.0,4.0,3.0,1.0,2.0,3.0
26,1,2025-07-13 17:25:26.059,2,1-8,(2) 아니요,(2) 별로 확신하지 않는다,(2) MIDI 기반 음성 합성 엔진(예:보컬로이드) 를 이용해 생선된 음원으로 보인다.,(4) 꽤 확신한다,(4) 상당한 영향을 미침,(4) 상당한 영향을 미침,(5) 매우 큰 영향을 미침,(2) 거의 영향을 미치지 않음,(2) 거의 영향을 미치지 않음,(5) 매우 큰 영향을 미침,(2) 불쾌하다,(3) 보통이다,(3) 보통이다,0.0,2.0,AI,2.0,4.0,2.0,3.0,3.0,4.0,4.0,5.0,2.0,2.0,5.0
26,1,2025-07-13 17:25:26.059,3,1-8,(2) 아니요,(4) 꽤 확신한다,(1) 딥러닝 기반 AI 음성 합성 기술로 생성된 음원으로 보인다.,(4) 꽤 확신한다,(2) 거의 영향을 미치지 않음,(4) 상당한 영향을 미침,(4) 상당한 영향을 미침,(4) 상당한 영향을 미침,,(5) 매우 큰 영향을 미침,(1) 매우 불쾌하다,(3) 보통이다,(4) 꽤 잘 안다,0.0,4.0,AI,1.0,4.0,1.0,3.0,4.0,2.0,4.0,4.0,4.0,,5.0
26,1,2025-07-13 17:25:26.059,4,1-8,(2) 아니요,(2) 별로 확신하지 않는다,"(5) 실제 가수가 부른 후, 별도의 후처리(후보정) 없이 라이브로 녹음한 음원으로 보인다.",(2) 별로 확신하지 않는다,(4) 상당한 영향을 미침,(4) 상당한 영향을 미침,(3) 다소 영향을 미침,(3) 다소 영향을 미침,(4) 상당한 영향을 미침,(5) 매우 큰 영향을 미침,(3) 보통이다,(3) 보통이다,(3) 보통이다,0.0,2.0,Real,5.0,2.0,3.0,3.0,3.0,4.0,4.0,3.0,3.0,4.0,5.0
27,8,2025-07-13 18:20:32.500,1,1-8,(2) 아니요,(4) 꽤 확신한다,"(6) 실제 가수가 부른 후, 후처리(후보정)를 거쳐 제작된 음원으로 보인다.",(2) 별로 확신하지 않는다,(4) 상당한 영향을 미침,(4) 상당한 영향을 미침,(3) 다소 영향을 미침,(3) 다소 영향을 미침,(2) 거의 영향을 미치지 않음,(3) 다소 영향을 미침,(3) 보통이다,(3) 보통이다,(3) 보통이다,0.0,4.0,Real,6.0,2.0,3.0,3.0,3.0,4.0,4.0,3.0,3.0,2.0,3.0
27,8,2025-07-13 18:20:32.500,2,1-8,(2) 아니요,(3) 보통이다,"(6) 실제 가수가 부른 후, 후처리(후보정)를 거쳐 제작된 음원으로 보인다.",(2) 별로 확신하지 않는다,(4) 상당한 영향을 미침,(4) 상당한 영향을 미침,(3) 다소 영향을 미침,(5) 매우 큰 영향을 미침,(3) 다소 영향을 미침,(3) 다소 영향을 미침,(3) 보통이다,(2) 거의 들어본 적 없다,(2) 거의 모른다,0.0,3.0,Real,6.0,2.0,3.0,2.0,2.0,4.0,4.0,3.0,5.0,3.0,3.0
27,8,2025-07-13 18:20:32.500,3,1-8,(2) 아니요,(4) 꽤 확신한다,(2) MIDI 기반 음성 합성 엔진(예:보컬로이드) 를 이용해 생선된 음원으로 보인다.,(2) 별로 확신하지 않는다,(2) 거의 영향을 미치지 않음,(2) 거의 영향을 미치지 않음,(3) 다소 영향을 미침,(3) 다소 영향을 미침,(4) 상당한 영향을 미침,(4) 상당한 영향을 미침,(4) 호감이다,(3) 보통이다,(3) 보통이다,0.0,4.0,AI,2.0,2.0,4.0,3.0,3.0,2.0,2.0,3.0,3.0,4.0,4.0
27,8,2025-07-13 18:20:32.500,4,1-8,(2) 아니요,(3) 보통이다,"(6) 실제 가수가 부른 후, 후처리(후보정)를 거쳐 제작된 음원으로 보인다.",(2) 별로 확신하지 않는다,(3) 다소 영향을 미침,(3) 다소 영향을 미침,(3) 다소 영향을 미침,(5) 매우 큰 영향을 미침,(3) 다소 영향을 미침,(4) 상당한 영향을 미침,(3) 보통이다,(2) 거의 들어본 적 없다,(2) 거의 모른다,0.0,3.0,Real,6.0,2.0,3.0,2.0,2.0,3.0,3.0,3.0,5.0,3.0,4.0
0,15,2025-06-25 16:39:37.478,1,9-16,(1) 예,(2) 별로 확신하지 않는다,"(6) 실제 가수가 부른 후, 후처리(후보정)를 거쳐 제작된 음원으로 보인다.",(2) 별로 확신하지 않는다,(2) 거의 영향을 미치지 않음,(2) 거의 영향을 미치지 않음,(2) 거의 영향을 미치지 않음,(4) 상당한 영향을 미침,(3) 다소 영향을 미침,(2) 거의 영향을 미치지 않음,(4) 호감이다,(3) 보통이다,(4) 꽤 잘 안다,1.0,2.0,Real,6.0,2.0,4.0,3.0,4.0,2.0,2.0,2.0,4.0,3.0,2.0
0,15,2025-06-25 16:39:37.478,2,9-16,(1) 예,(3) 보통이다,"(5) 실제 가수가 부른 후, 별도의 후처리(후보정) 없이 라이브로 녹음한 음원으로 보인다.",,(2) 거의 영향을 미치지 않음,(2) 거의 영향을 미치지 않음,(2) 거의 영향을 미치지 않음,(5) 매우 큰 영향을 미침,(3) 다소 영향을 미침,(3) 다소 영향을 미침,(4) 호감이다,(3) 보통이다,(2) 거의 모른다,1.0,3.0,Real,5.0,,4.0,3.0,2.0,2.0,2.0,2.0,5.0,3.0,3.0
0,15,2025-06-25 16:39:37.478,3,9-16,(2) 아니요,(5) 매우 확신한다,"(4) 모창 가수(실제 사람)가 부른 후, 후처리(후보정)를 거쳐 제작된 음원으로 보인다.",(3) 보통이다,(4) 상당한 영향을 미침,(4) 상당한 영향을 미침,(4) 상당한 영향을 미침,(4) 상당한 영향을 미침,(2) 거의 영향을 미치지 않음,(2) 거의 영향을 미치지 않음,(3) 보통이다,(3) 보통이다,(4) 꽤 잘 안다,0.0,5.0,Other,4.0,3.0,3.0,3.0,4.0,4.0,4.0,4.0,4.0,2.0,2.0
0,15,2025-06-25 16:39:37.478,4,9-16,(2) 아니요,(5) 매우 확신한다,(1) 딥러닝 기반 AI 음성 합성 기술로 생성된 음원으로 보인다.,(3) 보통이다,(5) 매우 큰 영향을 미침,(5) 매우 큰 영향을 미침,(1) 전혀 영향을 미치지 않음,(5) 매우 큰 영향을 미침,(5) 매우 큰 영향을 미침,(3) 다소 영향을 미침,(3) 보통이다,(3) 보통이다,(2) 거의 모른다,0.0,5.0,AI,1.0,3.0,3.0,3.0,2.0,5.0,5.0,1.0,5.0,5.0,3.0
1,10,2025-06-25 17:02:19.648,1,9-16,(2) 아니요,(3) 보통이다,"(5) 실제 가수가 부른 후, 별도의 후처리(후보정) 없이 라이브로 녹음한 음원으로 보인다.",(2) 별로 확신하지 않는다,(2) 거의 영향을 미치지 않음,(2) 거의 영향을 미치지 않음,(3) 다소 영향을 미침,(3) 다소 영향을 미침,(2) 거의 영향을 미치지 않음,(2) 거의 영향을 미치지 않음,(5) 매우 호감이다,(2) 거의 들어본 적 없다,(3) 보통이다,0.0,3.0,Real,5.0,2.0,5.0,2.0,3.0,2.0,2.0,3.0,3.0,2.0,2.0
1,10,2025-06-25 17:02:19.648,2,9-16,(2) 아니요,(3) 보통이다,"(4) 모창 가수(실제 사람)가 부른 후, 후처리(후보정)를 거쳐 제작된 음원으로 보인다.",(3) 보통이다,(3) 다소 영향을 미침,(3) 다소 영향을 미침,(2) 거의 영향을 미치지 않음,(3) 다소 영향을 미침,(3) 다소 영향을 미침,(3) 다소 영향을 미침,(3) 보통이다,(4) 자주 듣는다,(4) 꽤 잘 안다,0.0,3.0,Other,4.0,3.0,3.0,4.0,4.0,3.0,3.0,2.0,3.0,3.0,3.0
1,10,2025-06-25 17:02:19.648,3,9-16,(1) 예,(4) 꽤 확신한다,(2) MIDI 기반 음성 합성 엔진(예:보컬로이드) 를 이용해 생선된 음원으로 보인다.,(3) 보통이다,(2) 거의 영향을 미치지 않음,(2) 거의 영향을 미치지 않음,(2) 거의 영향을 미치지 않음,(2) 거의 영향을 미치지 않음,(3) 다소 영향을 미침,(3) 다소 영향을 미침,(3) 보통이다,(2) 거의 들어본 적 없다,(3) 보통이다,1.0,4.0,AI,2.0,3.0,3.0,2.0,3.0,2.0,2.0,2.0,2.0,3.0,3.0
1,10,2025-06-25 17:02:19.648,4,9-16,(2) 아니요,(4) 꽤 확신한다,"(3) 모창 가수(실제 사람)가 부른 후, 별도의 후처리(후보정) 없이 라이브로 녹음한 음원으로 보인다.",(3) 보통이다,(3) 다소 영향을 미침,(3) 다소 영향을 미침,(3) 다소 영향을 미침,(3) 다소 영향을 미침,(3) 다소 영향을 미침,(3) 다소 영향을 미침,(2) 불쾌하다,(4) 자주 듣는다,(4) 꽤 잘 안다,0.0,4.0,Other,3.0,3.0,2.0,4.0,4.0,3.0,3.0,3.0,3.0,3.0,3.0
2,16,2025-06-25 17:07:12.228,1,9-16,(2) 아니요,(5) 매우 확신한다,(1) 딥러닝 기반 AI 음성 합성 기술로 생성된 음원으로 보인다.,(3) 보통이다,(2) 거의 영향을 미치지 않음,(2) 거의 영향을 미치지 않음,(2) 거의 영향을 미치지 않음,(4) 상당한 영향을 미침,(3) 다소 영향을 미침,(4) 상당한 영향을 미침,(2) 불쾌하다,(5) 매우 자주 듣는다,(4) 꽤 잘 안다,0.0,5.0,AI,1.0,3.0,2.0,5.0,4.0,2.0,2.0,2.0,4.0,3.0,4.0
2,16,2025-06-25 17:07:12.228,2,9-16,(2) 아니요,(4) 꽤 확신한다,"(3) 모창 가수(실제 사람)가 부른 후, 별도의 후처리(후보정) 없이 라이브로 녹음한 음원으로 보인다.",(2) 별로 확신하지 않는다,(3) 다소 영향을 미침,(3) 다소 영향을 미침,(2) 거의 영향을 미치지 않음,(4) 상당한 영향을 미침,(2) 거의 영향을 미치지 않음,(4) 상당한 영향을 미침,(3) 보통이다,(5) 매우 자주 듣는다,(3) 보통이다,0.0,4.0,Other,3.0,2.0,3.0,5.0,3.0,3.0,3.0,2.0,4.0,2.0,4.0
2,16,2025-06-25 17:07:12.228,3,9-16,(2) 아니요,(5) 매우 확신한다,(1) 딥러닝 기반 AI 음성 합성 기술로 생성된 음원으로 보인다.,(2) 별로 확신하지 않는다,(3) 다소 영향을 미침,(4) 상당한 영향을 미침,(2) 거의 영향을 미치지 않음,(3) 다소 영향을 미침,(3) 다소 영향을 미침,(4) 상당한 영향을 미침,(4) 호감이다,(5) 매우 자주 듣는다,(4) 꽤 잘 안다,0.0,5.0,AI,1.0,2.0,4.0,5.0,4.0,3.0,4.0,2.0,3.0,3.0,4.0
2,16,2025-06-25 17:07:12.228,4,9-16,(2) 아니요,(5) 매우 확신한다,"(5) 실제 가수가 부른 후, 별도의 후처리(후보정) 없이 라이브로 녹음한 음원으로 보인다.",(1) 전혀 확신하지 않는다,(4) 상당한 영향을 미침,(3) 다소 영향을 미침,(4) 상당한 영향을 미침,(4) 상당한 영향을 미침,(2) 거의 영향을 미치지 않음,(4) 상당한 영향을 미침,(4) 호감이다,(5) 매우 자주 듣는다,(3) 보통이다,0.0,5.0,Real,5.0,1.0,4.0,5.0,3.0,4.0,3.0,4.0,4.0,2.0,4.0
3,13,2025-07-01 11:21:42.741,1,9-16,(1) 예,(4) 꽤 확신한다,(1) 딥러닝 기반 AI 음성 합성 기술로 생성된 음원으로 보인다.,(4) 꽤 확신한다,(4) 상당한 영향을 미침,(1) 전혀 영향을 미치지 않음,(4) 상당한 영향을 미침,(5) 매우 큰 영향을 미침,(2) 거의 영향을 미치지 않음,(4) 상당한 영향을 미침,(2) 불쾌하다,(2) 거의 들어본 적 없다,(2) 거의 모른다,1.0,4.0,AI,1.0,4.0,2.0,2.0,2.0,4.0,1.0,4.0,5.0,2.0,4.0
3,13,2025-07-01 11:21:42.741,2,9-16,(2) 아니요,(5) 매우 확신한다,(1) 딥러닝 기반 AI 음성 합성 기술로 생성된 음원으로 보인다.,(3) 보통이다,(3) 다소 영향을 미침,(3) 다소 영향을 미침,(3) 다소 영향을 미침,(5) 매우 큰 영향을 미침,(2) 거의 영향을 미치지 않음,(4) 상당한 영향을 미침,(2) 불쾌하다,,,0.0,5.0,AI,1.0,3.0,2.0,,,3.0,3.0,3.0,5.0,2.0,4.0
3,13,2025-07-01 11:21:42.741,3,9-16,(2) 아니요,(5) 매우 확신한다,"(4) 모창 가수(실제 사람)가 부른 후, 후처리(후보정)를 거쳐 제작된 음원으로 보인다.",(4) 꽤 확신한다,(5) 매우 큰 영향을 미침,(5) 매우 큰 영향을 미침,(5) 매우 큰 영향을 미침,(5) 매우 큰 영향을 미침,(1) 전혀 영향을 미치지 않음,(4) 상당한 영향을 미침,(4) 호감이다,(2) 거의 들어본 적 없다,(2) 거의 모른다,0.0,5.0,Other,4.0,4.0,4.0,2.0,2.0,5.0,5.0,5.0,5.0,1.0,4.0
3,13,2025-07-01 11:21:42.741,4,9-16,,,,,,,,,,,,,,,,,,,,,,,,,,,
4,10,2025-07-01 11:24:24.327,1,9-16,(2) 아니요,(2) 별로 확신하지 않는다,"(6) 실제 가수가 부른 후, 후처리(후보정)를 거쳐 제작된 음원으로 보인다.",(1) 전혀 확신하지 않는다,(3) 다소 영향을 미침,(3) 다소 영향을 미침,(4) 상당한 영향을 미침,(3) 다소 영향을 미침,(2) 거의 영향을 미치지 않음,(4) 상당한 영향을 미침,(4) 호감이다,(3) 보통이다,(4) 꽤 잘 안다,0.0,2.0,Real,6.0,1.0,4.0,3.0,4.0,3.0,3.0,4.0,3.0,2.0,4.0
4,10,2025-07-01 11:24:24.327,2,9-16,(2) 아니요,(2) 별로 확신하지 않는다,(1) 딥러닝 기반 AI 음성 합성 기술로 생성된 음원으로 보인다.,(2) 별로 확신하지 않는다,(3) 다소 영향을 미침,(3) 다소 영향을 미침,(4) 상당한 영향을 미침,(5) 매우 큰 영향을 미침,(4) 상당한 영향을 미침,(4) 상당한 영향을 미침,(3) 보통이다,(5) 매우 자주 듣는다,(4) 꽤 잘 안다,0.0,2.0,AI,1.0,2.0,3.0,5.0,4.0,3.0,3.0,4.0,5.0,4.0,4.0
4,10,2025-07-01 11:24:24.327,3,9-16,(2) 아니요,(4) 꽤 확신한다,"(5) 실제 가수가 부른 후, 별도의 후처리(후보정) 없이 라이브로 녹음한 음원으로 보인다.",(2) 별로 확신하지 않는다,(3) 다소 영향을 미침,(3) 다소 영향을 미침,(3) 다소 영향을 미침,(5) 매우 큰 영향을 미침,(2) 거의 영향을 미치지 않음,(4) 상당한 영향을 미침,(3) 보통이다,(3) 보통이다,(4) 꽤 잘 안다,0.0,4.0,Real,5.0,2.0,3.0,3.0,4.0,3.0,3.0,3.0,5.0,2.0,4.0
4,10,2025-07-01 11:24:24.327,4,9-16,(2) 아니요,(2) 별로 확신하지 않는다,"(5) 실제 가수가 부른 후, 별도의 후처리(후보정) 없이 라이브로 녹음한 음원으로 보인다.",(4) 꽤 확신한다,(5) 매우 큰 영향을 미침,(5) 매우 큰 영향을 미침,(3) 다소 영향을 미침,(5) 매우 큰 영향을 미침,(4) 상당한 영향을 미침,(5) 매우 큰 영향을 미침,(4) 호감이다,(5) 매우 자주 듣는다,(4) 꽤 잘 안다,0.0,2.0,Real,5.0,4.0,4.0,5.0,4.0,5.0,5.0,3.0,5.0,4.0,5.0
5,16,2025-07-01 15:40:20.949,1,9-16,(2) 아니요,(4) 꽤 확신한다,"(4) 모창 가수(실제 사람)가 부른 후, 후처리(후보정)를 거쳐 제작된 음원으로 보인다.",(2) 별로 확신하지 않는다,(2) 거의 영향을 미치지 않음,(3) 다소 영향을 미침,(3) 다소 영향을 미침,(3) 다소 영향을 미침,(2) 거의 영향을 미치지 않음,(3) 다소 영향을 미침,(3) 보통이다,(3) 보통이다,(3) 보통이다,0.0,4.0,Other,4.0,2.0,3.0,3.0,3.0,2.0,3.0,3.0,3.0,2.0,3.0
5,16,2025-07-01 15:40:20.949,2,9-16,(2) 아니요,(4) 꽤 확신한다,"(4) 모창 가수(실제 사람)가 부른 후, 후처리(후보정)를 거쳐 제작된 음원으로 보인다.",(2) 별로 확신하지 않는다,(3) 다소 영향을 미침,(3) 다소 영향을 미침,(3) 다소 영향을 미침,(3) 다소 영향을 미침,(2) 거의 영향을 미치지 않음,(3) 다소 영향을 미침,(3) 보통이다,(1) 전혀 들어본 적 없다,(1) 전혀 모른다,0.0,4.0,Other,4.0,2.0,3.0,1.0,1.0,3.0,3.0,3.0,3.0,2.0,3.0
5,16,2025-07-01 15:40:20.949,3,9-16,(2) 아니요,(5) 매우 확신한다,(2) MIDI 기반 음성 합성 엔진(예:보컬로이드) 를 이용해 생선된 음원으로 보인다.,(2) 별로 확신하지 않는다,(3) 다소 영향을 미침,(3) 다소 영향을 미침,(2) 거의 영향을 미치지 않음,(2) 거의 영향을 미치지 않음,(2) 거의 영향을 미치지 않음,(4) 상당한 영향을 미침,(4) 호감이다,(3) 보통이다,(3) 보통이다,0.0,5.0,AI,2.0,2.0,4.0,3.0,3.0,3.0,3.0,2.0,2.0,2.0,4.0
5,16,2025-07-01 15:40:20.949,4,9-16,(2) 아니요,(5) 매우 확신한다,"(6) 실제 가수가 부른 후, 후처리(후보정)를 거쳐 제작된 음원으로 보인다.",(2) 별로 확신하지 않는다,(3) 다소 영향을 미침,(3) 다소 영향을 미침,(4) 상당한 영향을 미침,(3) 다소 영향을 미침,(2) 거의 영향을 미치지 않음,(3) 다소 영향을 미침,(4) 호감이다,(1) 전혀 들어본 적 없다,(1) 전혀 모른다,0.0,5.0,Real,6.0,2.0,4.0,1.0,1.0,3.0,3.0,4.0,3.0,2.0,3.0
6,16,2025-07-01 17:27:32.300,1,9-16,(2) 아니요,(4) 꽤 확신한다,(1) 딥러닝 기반 AI 음성 합성 기술로 생성된 음원으로 보인다.,(4) 꽤 확신한다,(4) 상당한 영향을 미침,(3) 다소 영향을 미침,(3) 다소 영향을 미침,(4) 상당한 영향을 미침,(4) 상당한 영향을 미침,(5) 매우 큰 영향을 미침,(2) 불쾌하다,(4) 자주 듣는다,(4) 꽤 잘 안다,0.0,4.0,AI,1.0,4.0,2.0,4.0,4.0,4.0,3.0,3.0,4.0,4.0,5.0
6,16,2025-07-01 17:27:32.300,2,9-16,(2) 아니요,(4) 꽤 확신한다,"(5) 실제 가수가 부른 후, 별도의 후처리(후보정) 없이 라이브로 녹음한 음원으로 보인다.",(3) 보통이다,(4) 상당한 영향을 미침,(4) 상당한 영향을 미침,(5) 매우 큰 영향을 미침,(5) 매우 큰 영향을 미침,(4) 상당한 영향을 미침,(5) 매우 큰 영향을 미침,(4) 호감이다,(1) 전혀 들어본 적 없다,(1) 전혀 모른다,0.0,4.0,Real,5.0,3.0,4.0,1.0,1.0,4.0,4.0,5.0,5.0,4.0,5.0
6,16,2025-07-01 17:27:32.300,3,9-16,(2) 아니요,(5) 매우 확신한다,"(4) 모창 가수(실제 사람)가 부른 후, 후처리(후보정)를 거쳐 제작된 음원으로 보인다.",(3) 보통이다,(3) 다소 영향을 미침,(3) 다소 영향을 미침,(4) 상당한 영향을 미침,(4) 상당한 영향을 미침,(5) 매우 큰 영향을 미침,(5) 매우 큰 영향을 미침,(4) 호감이다,(4) 자주 듣는다,(4) 꽤 잘 안다,0.0,5.0,Other,4.0,3.0,4.0,4.0,4.0,3.0,3.0,4.0,4.0,5.0,5.0
6,16,2025-07-01 17:27:32.300,4,9-16,(2) 아니요,(5) 매우 확신한다,"(6) 실제 가수가 부른 후, 후처리(후보정)를 거쳐 제작된 음원으로 보인다.",(4) 꽤 확신한다,(5) 매우 큰 영향을 미침,(4) 상당한 영향을 미침,(5) 매우 큰 영향을 미침,(5) 매우 큰 영향을 미침,(5) 매우 큰 영향을 미침,(5) 매우 큰 영향을 미침,(5) 매우 호감이다,(1) 전혀 들어본 적 없다,(1) 전혀 모른다,0.0,5.0,Real,6.0,4.0,5.0,1.0,1.0,5.0,4.0,5.0,5.0,5.0,5.0
7,16,2025-07-02 15:24:30.479,1,9-16,(2) 아니요,(4) 꽤 확신한다,(1) 딥러닝 기반 AI 음성 합성 기술로 생성된 음원으로 보인다.,(2) 별로 확신하지 않는다,(5) 매우 큰 영향을 미침,(5) 매우 큰 영향을 미침,(2) 거의 영향을 미치지 않음,(4) 상당한 영향을 미침,(2) 거의 영향을 미치지 않음,(3) 다소 영향을 미침,(4) 호감이다,(4) 자주 듣는다,(4) 꽤 잘 안다,0.0,4.0,AI,1.0,2.0,4.0,4.0,4.0,5.0,5.0,2.0,4.0,2.0,3.0
7,16,2025-07-02 15:24:30.479,2,9-16,(2) 아니요,(5) 매우 확신한다,"(4) 모창 가수(실제 사람)가 부른 후, 후처리(후보정)를 거쳐 제작된 음원으로 보인다.",(4) 꽤 확신한다,(4) 상당한 영향을 미침,(3) 다소 영향을 미침,(5) 매우 큰 영향을 미침,(2) 거의 영향을 미치지 않음,(3) 다소 영향을 미침,(4) 상당한 영향을 미침,(3) 보통이다,(5) 매우 자주 듣는다,(5) 매우 잘 안다,0.0,5.0,Other,4.0,4.0,3.0,5.0,5.0,4.0,3.0,5.0,2.0,3.0,4.0
7,16,2025-07-02 15:24:30.479,3,9-16,(2) 아니요,(2) 별로 확신하지 않는다,"(6) 실제 가수가 부른 후, 후처리(후보정)를 거쳐 제작된 음원으로 보인다.",(3) 보통이다,(3) 다소 영향을 미침,(3) 다소 영향을 미침,(5) 매우 큰 영향을 미침,(5) 매우 큰 영향을 미침,(3) 다소 영향을 미침,(4) 상당한 영향을 미침,(4) 호감이다,(4) 자주 듣는다,(4) 꽤 잘 안다,0.0,2.0,Real,6.0,3.0,4.0,4.0,4.0,3.0,3.0,5.0,5.0,3.0,4.0
7,16,2025-07-02 15:24:30.479,4,9-16,(2) 아니요,(5) 매우 확신한다,"(4) 모창 가수(실제 사람)가 부른 후, 후처리(후보정)를 거쳐 제작된 음원으로 보인다.",(5) 매우 확신한다,(4) 상당한 영향을 미침,(4) 상당한 영향을 미침,(5) 매우 큰 영향을 미침,(5) 매우 큰 영향을 미침,(4) 상당한 영향을 미침,(5) 매우 큰 영향을 미침,(4) 호감이다,(5) 매우 자주 듣는다,(5) 매우 잘 안다,0.0,5.0,Other,4.0,5.0,4.0,5.0,5.0,4.0,4.0,5.0,5.0,4.0,5.0
8,11,2025-07-02 15:32:04.967,1,9-16,(2) 아니요,(3) 보통이다,"(6) 실제 가수가 부른 후, 후처리(후보정)를 거쳐 제작된 음원으로 보인다.",(2) 별로 확신하지 않는다,(5) 매우 큰 영향을 미침,(3) 다소 영향을 미침,(3) 다소 영향을 미침,(5) 매우 큰 영향을 미침,(1) 전혀 영향을 미치지 않음,(5) 매우 큰 영향을 미침,(2) 불쾌하다,(2) 거의 들어본 적 없다,(1) 전혀 모른다,0.0,3.0,Real,6.0,2.0,2.0,2.0,1.0,5.0,3.0,3.0,5.0,1.0,5.0
8,11,2025-07-02 15:32:04.967,2,9-16,(2) 아니요,(4) 꽤 확신한다,"(5) 실제 가수가 부른 후, 별도의 후처리(후보정) 없이 라이브로 녹음한 음원으로 보인다.",(4) 꽤 확신한다,(4) 상당한 영향을 미침,(4) 상당한 영향을 미침,(5) 매우 큰 영향을 미침,(5) 매우 큰 영향을 미침,(3) 다소 영향을 미침,(4) 상당한 영향을 미침,(4) 호감이다,(3) 보통이다,(4) 꽤 잘 안다,0.0,4.0,Real,5.0,4.0,4.0,3.0,4.0,4.0,4.0,5.0,5.0,3.0,4.0
8,11,2025-07-02 15:32:04.967,3,9-16,(2) 아니요,(3) 보통이다,"(3) 모창 가수(실제 사람)가 부른 후, 별도의 후처리(후보정) 없이 라이브로 녹음한 음원으로 보인다.",(4) 꽤 확신한다,(4) 상당한 영향을 미침,(3) 다소 영향을 미침,(5) 매우 큰 영향을 미침,(5) 매우 큰 영향을 미침,(3) 다소 영향을 미침,(4) 상당한 영향을 미침,(3) 보통이다,(2) 거의 들어본 적 없다,(1) 전혀 모른다,0.0,3.0,Other,3.0,4.0,3.0,2.0,1.0,4.0,3.0,5.0,5.0,3.0,4.0
8,11,2025-07-02 15:32:04.967,4,9-16,(2) 아니요,(4) 꽤 확신한다,(1) 딥러닝 기반 AI 음성 합성 기술로 생성된 음원으로 보인다.,(3) 보통이다,(4) 상당한 영향을 미침,(4) 상당한 영향을 미침,(4) 상당한 영향을 미침,(3) 다소 영향을 미침,(3) 다소 영향을 미침,(5) 매우 큰 영향을 미침,(2) 불쾌하다,(3) 보통이다,(4) 꽤 잘 안다,0.0,4.0,AI,1.0,3.0,2.0,3.0,4.0,4.0,4.0,4.0,3.0,3.0,5.0
9,9,2025-07-04 19:34:30.043,1,9-16,(2) 아니요,(3) 보통이다,(1) 딥러닝 기반 AI 음성 합성 기술로 생성된 음원으로 보인다.,(2) 별로 확신하지 않는다,(2) 거의 영향을 미치지 않음,(3) 다소 영향을 미침,(3) 다소 영향을 미침,(4) 상당한 영향을 미침,(2) 거의 영향을 미치지 않음,(3) 다소 영향을 미침,(3) 보통이다,(3) 보통이다,(3) 보통이다,0.0,3.0,AI,1.0,2.0,3.0,3.0,3.0,2.0,3.0,3.0,4.0,2.0,3.0
9,9,2025-07-04 19:34:30.043,2,9-16,(1) 예,(2) 별로 확신하지 않는다,"(4) 모창 가수(실제 사람)가 부른 후, 후처리(후보정)를 거쳐 제작된 음원으로 보인다.",(3) 보통이다,(3) 다소 영향을 미침,(3) 다소 영향을 미침,(3) 다소 영향을 미침,(3) 다소 영향을 미침,(3) 다소 영향을 미침,(4) 상당한 영향을 미침,(2) 불쾌하다,(3) 보통이다,(3) 보통이다,1.0,2.0,Other,4.0,3.0,2.0,3.0,3.0,3.0,3.0,3.0,3.0,3.0,4.0
9,9,2025-07-04 19:34:30.043,3,9-16,(2) 아니요,(2) 별로 확신하지 않는다,"(3) 모창 가수(실제 사람)가 부른 후, 별도의 후처리(후보정) 없이 라이브로 녹음한 음원으로 보인다.",(3) 보통이다,(2) 거의 영향을 미치지 않음,(2) 거의 영향을 미치지 않음,(2) 거의 영향을 미치지 않음,(5) 매우 큰 영향을 미침,(3) 다소 영향을 미침,(3) 다소 영향을 미침,(3) 보통이다,(3) 보통이다,(3) 보통이다,0.0,2.0,Other,3.0,3.0,3.0,3.0,3.0,2.0,2.0,2.0,5.0,3.0,3.0
9,9,2025-07-04 19:34:30.043,4,9-16,(2) 아니요,(2) 별로 확신하지 않는다,"(3) 모창 가수(실제 사람)가 부른 후, 별도의 후처리(후보정) 없이 라이브로 녹음한 음원으로 보인다.",(2) 별로 확신하지 않는다,(3) 다소 영향을 미침,(3) 다소 영향을 미침,(1) 전혀 영향을 미치지 않음,(5) 매우 큰 영향을 미침,(2) 거의 영향을 미치지 않음,(3) 다소 영향을 미침,(3) 보통이다,(3) 보통이다,(3) 보통이다,0.0,2.0,Other,3.0,2.0,3.0,3.0,3.0,3.0,3.0,1.0,5.0,2.0,3.0
10,13,2025-07-04 19:50:00.674,1,9-16,,,(2) MIDI 기반 음성 합성 엔진(예:보컬로이드) 를 이용해 생선된 음원으로 보인다.,(2) 별로 확신하지 않는다,(2) 거의 영향을 미치지 않음,(2) 거의 영향을 미치지 않음,(2) 거의 영향을 미치지 않음,(4) 상당한 영향을 미침,(3) 다소 영향을 미침,(4) 상당한 영향을 미침,(3) 보통이다,(4) 자주 듣는다,(4) 꽤 잘 안다,,,AI,2.0,2.0,3.0,4.0,4.0,2.0,2.0,2.0,4.0,3.0,4.0
10,13,2025-07-04 19:50:00.674,2,9-16,(2) 아니요,(4) 꽤 확신한다,(1) 딥러닝 기반 AI 음성 합성 기술로 생성된 음원으로 보인다.,(2) 별로 확신하지 않는다,(3) 다소 영향을 미침,(3) 다소 영향을 미침,(3) 다소 영향을 미침,(4) 상당한 영향을 미침,(4) 상당한 영향을 미침,(4) 상당한 영향을 미침,(3) 보통이다,,,0.0,4.0,AI,1.0,2.0,3.0,,,3.0,3.0,3.0,4.0,4.0,4.0
10,13,2025-07-04 19:50:00.674,3,9-16,(2) 아니요,(4) 꽤 확신한다,(2) MIDI 기반 음성 합성 엔진(예:보컬로이드) 를 이용해 생선된 음원으로 보인다.,(4) 꽤 확신한다,(2) 거의 영향을 미치지 않음,(3) 다소 영향을 미침,(4) 상당한 영향을 미침,(2) 거의 영향을 미치지 않음,(3) 다소 영향을 미침,(4) 상당한 영향을 미침,(3) 보통이다,(4) 자주 듣는다,(4) 꽤 잘 안다,0.0,4.0,AI,2.0,4.0,3.0,4.0,4.0,2.0,3.0,4.0,2.0,3.0,4.0
10,13,2025-07-04 19:50:00.674,4,9-16,,,,,,,,,,,,,,,,,,,,,,,,,,,
11,10,2025-07-05 18:00:15.126,1,9-16,(2) 아니요,(5) 매우 확신한다,"(5) 실제 가수가 부른 후, 별도의 후처리(후보정) 없이 라이브로 녹음한 음원으로 보인다.",(2) 별로 확신하지 않는다,(1) 전혀 영향을 미치지 않음,(1) 전혀 영향을 미치지 않음,(1) 전혀 영향을 미치지 않음,(3) 다소 영향을 미침,(1) 전혀 영향을 미치지 않음,(1) 전혀 영향을 미치지 않음,(3) 보통이다,(1) 전혀 들어본 적 없다,(2) 거의 모른다,0.0,5.0,Real,5.0,2.0,3.0,1.0,2.0,1.0,1.0,1.0,3.0,1.0,1.0
11,10,2025-07-05 18:00:15.126,2,9-16,(2) 아니요,(5) 매우 확신한다,"(4) 모창 가수(실제 사람)가 부른 후, 후처리(후보정)를 거쳐 제작된 음원으로 보인다.",(3) 보통이다,(3) 다소 영향을 미침,(1) 전혀 영향을 미치지 않음,(2) 거의 영향을 미치지 않음,(3) 다소 영향을 미침,(1) 전혀 영향을 미치지 않음,(1) 전혀 영향을 미치지 않음,(2) 불쾌하다,(4) 자주 듣는다,(4) 꽤 잘 안다,0.0,5.0,Other,4.0,3.0,2.0,4.0,4.0,3.0,1.0,2.0,3.0,1.0,1.0
11,10,2025-07-05 18:00:15.126,3,9-16,(1) 예,(2) 별로 확신하지 않는다,"(5) 실제 가수가 부른 후, 별도의 후처리(후보정) 없이 라이브로 녹음한 음원으로 보인다.",(2) 별로 확신하지 않는다,(1) 전혀 영향을 미치지 않음,(4) 상당한 영향을 미침,(1) 전혀 영향을 미치지 않음,(5) 매우 큰 영향을 미침,(1) 전혀 영향을 미치지 않음,(1) 전혀 영향을 미치지 않음,(3) 보통이다,(1) 전혀 들어본 적 없다,(2) 거의 모른다,1.0,2.0,Real,5.0,2.0,3.0,1.0,2.0,1.0,4.0,1.0,5.0,1.0,1.0
11,10,2025-07-05 18:00:15.126,4,9-16,(1) 예,(3) 보통이다,"(4) 모창 가수(실제 사람)가 부른 후, 후처리(후보정)를 거쳐 제작된 음원으로 보인다.",(3) 보통이다,(4) 상당한 영향을 미침,(1) 전혀 영향을 미치지 않음,(1) 전혀 영향을 미치지 않음,(4) 상당한 영향을 미침,(1) 전혀 영향을 미치지 않음,(1) 전혀 영향을 미치지 않음,(3) 보통이다,(4) 자주 듣는다,(4) 꽤 잘 안다,1.0,3.0,Other,4.0,3.0,3.0,4.0,4.0,4.0,1.0,1.0,4.0,1.0,1.0
12,15,2025-07-05 18:12:04.922,1,9-16,(2) 아니요,(5) 매우 확신한다,(2) MIDI 기반 음성 합성 엔진(예:보컬로이드) 를 이용해 생선된 음원으로 보인다.,(3) 보통이다,(2) 거의 영향을 미치지 않음,(2) 거의 영향을 미치지 않음,(3) 다소 영향을 미침,(4) 상당한 영향을 미침,(2) 거의 영향을 미치지 않음,(4) 상당한 영향을 미침,(3) 보통이다,(2) 거의 들어본 적 없다,(3) 보통이다,0.0,5.0,AI,2.0,3.0,3.0,2.0,3.0,2.0,2.0,3.0,4.0,2.0,4.0
12,15,2025-07-05 18:12:04.922,2,9-16,(2) 아니요,(4) 꽤 확신한다,"(5) 실제 가수가 부른 후, 별도의 후처리(후보정) 없이 라이브로 녹음한 음원으로 보인다.",(4) 꽤 확신한다,(2) 거의 영향을 미치지 않음,(2) 거의 영향을 미치지 않음,(3) 다소 영향을 미침,(4) 상당한 영향을 미침,(2) 거의 영향을 미치지 않음,(5) 매우 큰 영향을 미침,(4) 호감이다,(2) 거의 들어본 적 없다,(1) 전혀 모른다,0.0,4.0,Real,5.0,4.0,4.0,2.0,1.0,2.0,2.0,3.0,4.0,2.0,5.0
12,15,2025-07-05 18:12:04.922,3,9-16,(2) 아니요,(4) 꽤 확신한다,(1) 딥러닝 기반 AI 음성 합성 기술로 생성된 음원으로 보인다.,(4) 꽤 확신한다,(2) 거의 영향을 미치지 않음,(2) 거의 영향을 미치지 않음,(3) 다소 영향을 미침,(4) 상당한 영향을 미침,(4) 상당한 영향을 미침,(4) 상당한 영향을 미침,(4) 호감이다,(2) 거의 들어본 적 없다,(3) 보통이다,0.0,4.0,AI,1.0,4.0,4.0,2.0,3.0,2.0,2.0,3.0,4.0,4.0,4.0
12,15,2025-07-05 18:12:04.922,4,9-16,(2) 아니요,(4) 꽤 확신한다,(2) MIDI 기반 음성 합성 엔진(예:보컬로이드) 를 이용해 생선된 음원으로 보인다.,(3) 보통이다,(3) 다소 영향을 미침,(3) 다소 영향을 미침,(4) 상당한 영향을 미침,(4) 상당한 영향을 미침,(4) 상당한 영향을 미침,(3) 다소 영향을 미침,(2) 불쾌하다,(2) 거의 들어본 적 없다,(1) 전혀 모른다,0.0,4.0,AI,2.0,3.0,2.0,2.0,1.0,3.0,3.0,4.0,4.0,4.0,3.0
13,9,2025-07-05 18:14:29.618,1,9-16,(2) 아니요,(4) 꽤 확신한다,(1) 딥러닝 기반 AI 음성 합성 기술로 생성된 음원으로 보인다.,(4) 꽤 확신한다,(3) 다소 영향을 미침,(3) 다소 영향을 미침,(4) 상당한 영향을 미침,(4) 상당한 영향을 미침,,(3) 다소 영향을 미침,(4) 호감이다,(2) 거의 들어본 적 없다,(2) 거의 모른다,0.0,4.0,AI,1.0,4.0,4.0,2.0,2.0,3.0,3.0,4.0,4.0,,3.0
13,9,2025-07-05 18:14:29.618,2,9-16,(2) 아니요,(5) 매우 확신한다,(1) 딥러닝 기반 AI 음성 합성 기술로 생성된 음원으로 보인다.,(2) 별로 확신하지 않는다,(2) 거의 영향을 미치지 않음,(2) 거의 영향을 미치지 않음,(2) 거의 영향을 미치지 않음,(3) 다소 영향을 미침,(3) 다소 영향을 미침,(2) 거의 영향을 미치지 않음,(2) 불쾌하다,(5) 매우 자주 듣는다,(4) 꽤 잘 안다,0.0,5.0,AI,1.0,2.0,2.0,5.0,4.0,2.0,2.0,2.0,3.0,3.0,2.0
13,9,2025-07-05 18:14:29.618,3,9-16,(2) 아니요,(5) 매우 확신한다,"(4) 모창 가수(실제 사람)가 부른 후, 후처리(후보정)를 거쳐 제작된 음원으로 보인다.",(4) 꽤 확신한다,(3) 다소 영향을 미침,(3) 다소 영향을 미침,(2) 거의 영향을 미치지 않음,(5) 매우 큰 영향을 미침,(3) 다소 영향을 미침,(4) 상당한 영향을 미침,(2) 불쾌하다,(2) 거의 들어본 적 없다,(2) 거의 모른다,0.0,5.0,Other,4.0,4.0,2.0,2.0,2.0,3.0,3.0,2.0,5.0,3.0,4.0
13,9,2025-07-05 18:14:29.618,4,9-16,(2) 아니요,(5) 매우 확신한다,"(6) 실제 가수가 부른 후, 후처리(후보정)를 거쳐 제작된 음원으로 보인다.",(4) 꽤 확신한다,(3) 다소 영향을 미침,(3) 다소 영향을 미침,(5) 매우 큰 영향을 미침,(5) 매우 큰 영향을 미침,(5) 매우 큰 영향을 미침,(5) 매우 큰 영향을 미침,(4) 호감이다,(5) 매우 자주 듣는다,(4) 꽤 잘 안다,0.0,5.0,Real,6.0,4.0,4.0,5.0,4.0,3.0,3.0,5.0,5.0,5.0,5.0
14,9,2025-07-05 20:16:39.652,1,9-16,(1) 예,(5) 매우 확신한다,"(4) 모창 가수(실제 사람)가 부른 후, 후처리(후보정)를 거쳐 제작된 음원으로 보인다.",(4) 꽤 확신한다,(3) 다소 영향을 미침,(2) 거의 영향을 미치지 않음,(2) 거의 영향을 미치지 않음,(4) 상당한 영향을 미침,(4) 상당한 영향을 미침,(3) 다소 영향을 미침,(4) 호감이다,(3) 보통이다,(3) 보통이다,1.0,5.0,Other,4.0,4.0,4.0,3.0,3.0,3.0,2.0,2.0,4.0,4.0,3.0
14,9,2025-07-05 20:16:39.652,2,9-16,(1) 예,(3) 보통이다,"(5) 실제 가수가 부른 후, 별도의 후처리(후보정) 없이 라이브로 녹음한 음원으로 보인다.",(2) 별로 확신하지 않는다,(2) 거의 영향을 미치지 않음,(2) 거의 영향을 미치지 않음,(2) 거의 영향을 미치지 않음,(3) 다소 영향을 미침,(3) 다소 영향을 미침,(4) 상당한 영향을 미침,(4) 호감이다,(3) 보통이다,(3) 보통이다,1.0,3.0,Real,5.0,2.0,4.0,3.0,3.0,2.0,2.0,2.0,3.0,3.0,4.0
14,9,2025-07-05 20:16:39.652,3,9-16,(2) 아니요,(2) 별로 확신하지 않는다,(1) 딥러닝 기반 AI 음성 합성 기술로 생성된 음원으로 보인다.,(2) 별로 확신하지 않는다,(4) 상당한 영향을 미침,(2) 거의 영향을 미치지 않음,(2) 거의 영향을 미치지 않음,(5) 매우 큰 영향을 미침,(2) 거의 영향을 미치지 않음,(3) 다소 영향을 미침,(3) 보통이다,(3) 보통이다,(3) 보통이다,0.0,2.0,AI,1.0,2.0,3.0,3.0,3.0,4.0,2.0,2.0,5.0,2.0,3.0
14,9,2025-07-05 20:16:39.652,4,9-16,(1) 예,(5) 매우 확신한다,(1) 딥러닝 기반 AI 음성 합성 기술로 생성된 음원으로 보인다.,(3) 보통이다,(3) 다소 영향을 미침,(2) 거의 영향을 미치지 않음,(2) 거의 영향을 미치지 않음,(5) 매우 큰 영향을 미침,(3) 다소 영향을 미침,(3) 다소 영향을 미침,(2) 불쾌하다,(3) 보통이다,(3) 보통이다,1.0,5.0,AI,1.0,3.0,2.0,3.0,3.0,3.0,2.0,2.0,5.0,3.0,3.0
15,14,2025-07-06 13:12:41.985,1,9-16,(2) 아니요,(5) 매우 확신한다,"(3) 모창 가수(실제 사람)가 부른 후, 별도의 후처리(후보정) 없이 라이브로 녹음한 음원으로 보인다.",(3) 보통이다,(2) 거의 영향을 미치지 않음,(1) 전혀 영향을 미치지 않음,(3) 다소 영향을 미침,(5) 매우 큰 영향을 미침,(1) 전혀 영향을 미치지 않음,(3) 다소 영향을 미침,(2) 불쾌하다,(3) 보통이다,(4) 꽤 잘 안다,0.0,5.0,Other,3.0,3.0,2.0,3.0,4.0,2.0,1.0,3.0,5.0,1.0,3.0
15,14,2025-07-06 13:12:41.985,2,9-16,(2) 아니요,(5) 매우 확신한다,(1) 딥러닝 기반 AI 음성 합성 기술로 생성된 음원으로 보인다.,(4) 꽤 확신한다,(2) 거의 영향을 미치지 않음,(2) 거의 영향을 미치지 않음,(3) 다소 영향을 미침,(5) 매우 큰 영향을 미침,(4) 상당한 영향을 미침,(5) 매우 큰 영향을 미침,(4) 호감이다,(4) 자주 듣는다,(3) 보통이다,0.0,5.0,AI,1.0,4.0,4.0,4.0,3.0,2.0,2.0,3.0,5.0,4.0,5.0
15,14,2025-07-06 13:12:41.985,3,9-16,(2) 아니요,(5) 매우 확신한다,(1) 딥러닝 기반 AI 음성 합성 기술로 생성된 음원으로 보인다.,(2) 별로 확신하지 않는다,(2) 거의 영향을 미치지 않음,(2) 거의 영향을 미치지 않음,(5) 매우 큰 영향을 미침,(4) 상당한 영향을 미침,(2) 거의 영향을 미치지 않음,(3) 다소 영향을 미침,(3) 보통이다,(3) 보통이다,(4) 꽤 잘 안다,0.0,5.0,AI,1.0,2.0,3.0,3.0,4.0,2.0,2.0,5.0,4.0,2.0,3.0
15,14,2025-07-06 13:12:41.985,4,9-16,(1) 예,(4) 꽤 확신한다,"(6) 실제 가수가 부른 후, 후처리(후보정)를 거쳐 제작된 음원으로 보인다.",(4) 꽤 확신한다,(3) 다소 영향을 미침,(4) 상당한 영향을 미침,(5) 매우 큰 영향을 미침,(3) 다소 영향을 미침,(3) 다소 영향을 미침,(5) 매우 큰 영향을 미침,(4) 호감이다,(4) 자주 듣는다,(3) 보통이다,1.0,4.0,Real,6.0,4.0,4.0,4.0,3.0,3.0,4.0,5.0,3.0,3.0,5.0
16,16,2025-07-06 13:15:25.003,1,9-16,(2) 아니요,(2) 별로 확신하지 않는다,(2) MIDI 기반 음성 합성 엔진(예:보컬로이드) 를 이용해 생선된 음원으로 보인다.,(3) 보통이다,(4) 상당한 영향을 미침,(4) 상당한 영향을 미침,(4) 상당한 영향을 미침,(4) 상당한 영향을 미침,(4) 상당한 영향을 미침,(3) 다소 영향을 미침,(3) 보통이다,(4) 자주 듣는다,(4) 꽤 잘 안다,0.0,2.0,AI,2.0,3.0,3.0,4.0,4.0,4.0,4.0,4.0,4.0,4.0,3.0
16,16,2025-07-06 13:15:25.003,2,9-16,(2) 아니요,(1) 전혀 확신하지 않는다,"(5) 실제 가수가 부른 후, 별도의 후처리(후보정) 없이 라이브로 녹음한 음원으로 보인다.",(4) 꽤 확신한다,(5) 매우 큰 영향을 미침,(5) 매우 큰 영향을 미침,(5) 매우 큰 영향을 미침,(2) 거의 영향을 미치지 않음,(5) 매우 큰 영향을 미침,(5) 매우 큰 영향을 미침,(4) 호감이다,(4) 자주 듣는다,(4) 꽤 잘 안다,0.0,1.0,Real,5.0,4.0,4.0,4.0,4.0,5.0,5.0,5.0,2.0,5.0,5.0
16,16,2025-07-06 13:15:25.003,3,9-16,(2) 아니요,(4) 꽤 확신한다,(2) MIDI 기반 음성 합성 엔진(예:보컬로이드) 를 이용해 생선된 음원으로 보인다.,(4) 꽤 확신한다,(2) 거의 영향을 미치지 않음,(4) 상당한 영향을 미침,(5) 매우 큰 영향을 미침,(2) 거의 영향을 미치지 않음,(5) 매우 큰 영향을 미침,(5) 매우 큰 영향을 미침,(3) 보통이다,(4) 자주 듣는다,(4) 꽤 잘 안다,0.0,4.0,AI,2.0,4.0,3.0,4.0,4.0,2.0,4.0,5.0,2.0,5.0,5.0
16,16,2025-07-06 13:15:25.003,4,9-16,(1) 예,(2) 별로 확신하지 않는다,"(6) 실제 가수가 부른 후, 후처리(후보정)를 거쳐 제작된 음원으로 보인다.",(3) 보통이다,(5) 매우 큰 영향을 미침,(5) 매우 큰 영향을 미침,(5) 매우 큰 영향을 미침,(5) 매우 큰 영향을 미침,(5) 매우 큰 영향을 미침,(5) 매우 큰 영향을 미침,(5) 매우 호감이다,(4) 자주 듣는다,(4) 꽤 잘 안다,1.0,2.0,Real,6.0,3.0,5.0,4.0,4.0,5.0,5.0,5.0,5.0,5.0,5.0
17,9,2025-07-06 13:26:58.792,1,9-16,(2) 아니요,(4) 꽤 확신한다,(1) 딥러닝 기반 AI 음성 합성 기술로 생성된 음원으로 보인다.,(3) 보통이다,(4) 상당한 영향을 미침,(4) 상당한 영향을 미침,(4) 상당한 영향을 미침,(4) 상당한 영향을 미침,(4) 상당한 영향을 미침,(5) 매우 큰 영향을 미침,(4) 호감이다,(2) 거의 들어본 적 없다,(2) 거의 모른다,0.0,4.0,AI,1.0,3.0,4.0,2.0,2.0,4.0,4.0,4.0,4.0,4.0,5.0
17,9,2025-07-06 13:26:58.792,2,9-16,(2) 아니요,(4) 꽤 확신한다,"(6) 실제 가수가 부른 후, 후처리(후보정)를 거쳐 제작된 음원으로 보인다.",(4) 꽤 확신한다,(4) 상당한 영향을 미침,(4) 상당한 영향을 미침,(4) 상당한 영향을 미침,(4) 상당한 영향을 미침,(4) 상당한 영향을 미침,(5) 매우 큰 영향을 미침,(4) 호감이다,(4) 자주 듣는다,(3) 보통이다,0.0,4.0,Real,6.0,4.0,4.0,4.0,3.0,4.0,4.0,4.0,4.0,4.0,5.0
17,9,2025-07-06 13:26:58.792,3,9-16,(2) 아니요,(4) 꽤 확신한다,(2) MIDI 기반 음성 합성 엔진(예:보컬로이드) 를 이용해 생선된 음원으로 보인다.,(3) 보통이다,(4) 상당한 영향을 미침,(3) 다소 영향을 미침,(3) 다소 영향을 미침,(5) 매우 큰 영향을 미침,(5) 매우 큰 영향을 미침,(5) 매우 큰 영향을 미침,(2) 불쾌하다,(2) 거의 들어본 적 없다,(2) 거의 모른다,0.0,4.0,AI,2.0,3.0,2.0,2.0,2.0,4.0,3.0,3.0,5.0,5.0,5.0
17,9,2025-07-06 13:26:58.792,4,9-16,(2) 아니요,(4) 꽤 확신한다,(2) MIDI 기반 음성 합성 엔진(예:보컬로이드) 를 이용해 생선된 음원으로 보인다.,(4) 꽤 확신한다,(2) 거의 영향을 미치지 않음,(2) 거의 영향을 미치지 않음,(4) 상당한 영향을 미침,(5) 매우 큰 영향을 미침,(5) 매우 큰 영향을 미침,(5) 매우 큰 영향을 미침,(3) 보통이다,(4) 자주 듣는다,(3) 보통이다,0.0,4.0,AI,2.0,4.0,3.0,4.0,3.0,2.0,2.0,4.0,5.0,5.0,5.0
18,12,2025-07-11 17:16:35.282,1,9-16,(2) 아니요,(4) 꽤 확신한다,"(5) 실제 가수가 부른 후, 별도의 후처리(후보정) 없이 라이브로 녹음한 음원으로 보인다.",(2) 별로 확신하지 않는다,(3) 다소 영향을 미침,(4) 상당한 영향을 미침,(2) 거의 영향을 미치지 않음,(3) 다소 영향을 미침,(2) 거의 영향을 미치지 않음,(3) 다소 영향을 미침,(4) 호감이다,(3) 보통이다,(3) 보통이다,0.0,4.0,Real,5.0,2.0,4.0,3.0,3.0,3.0,4.0,2.0,3.0,2.0,3.0
18,12,2025-07-11 17:16:35.282,2,9-16,(2) 아니요,(4) 꽤 확신한다,"(6) 실제 가수가 부른 후, 후처리(후보정)를 거쳐 제작된 음원으로 보인다.",(3) 보통이다,(3) 다소 영향을 미침,(3) 다소 영향을 미침,(4) 상당한 영향을 미침,(4) 상당한 영향을 미침,(4) 상당한 영향을 미침,(4) 상당한 영향을 미침,(4) 호감이다,(4) 자주 듣는다,(3) 보통이다,0.0,4.0,Real,6.0,3.0,4.0,4.0,3.0,3.0,3.0,4.0,4.0,4.0,4.0
18,12,2025-07-11 17:16:35.282,3,9-16,(2) 아니요,(5) 매우 확신한다,"(3) 모창 가수(실제 사람)가 부른 후, 별도의 후처리(후보정) 없이 라이브로 녹음한 음원으로 보인다.",(3) 보통이다,(3) 다소 영향을 미침,(3) 다소 영향을 미침,(3) 다소 영향을 미침,(4) 상당한 영향을 미침,(3) 다소 영향을 미침,(4) 상당한 영향을 미침,(3) 보통이다,(3) 보통이다,(3) 보통이다,0.0,5.0,Other,3.0,3.0,3.0,3.0,3.0,3.0,3.0,3.0,4.0,3.0,4.0
18,12,2025-07-11 17:16:35.282,4,9-16,(2) 아니요,(5) 매우 확신한다,"(3) 모창 가수(실제 사람)가 부른 후, 별도의 후처리(후보정) 없이 라이브로 녹음한 음원으로 보인다.",(3) 보통이다,(3) 다소 영향을 미침,(4) 상당한 영향을 미침,(3) 다소 영향을 미침,(4) 상당한 영향을 미침,(3) 다소 영향을 미침,(4) 상당한 영향을 미침,(3) 보통이다,(4) 자주 듣는다,(3) 보통이다,0.0,5.0,Other,3.0,3.0,3.0,4.0,3.0,3.0,4.0,3.0,4.0,3.0,4.0
19,11,2025-07-11 17:19:29.106,1,9-16,(2) 아니요,(4) 꽤 확신한다,(2) MIDI 기반 음성 합성 엔진(예:보컬로이드) 를 이용해 생선된 음원으로 보인다.,(2) 별로 확신하지 않는다,(4) 상당한 영향을 미침,(4) 상당한 영향을 미침,(3) 다소 영향을 미침,(2) 거의 영향을 미치지 않음,(4) 상당한 영향을 미침,(4) 상당한 영향을 미침,(2) 불쾌하다,(2) 거의 들어본 적 없다,(2) 거의 모른다,0.0,4.0,AI,2.0,2.0,2.0,2.0,2.0,4.0,4.0,3.0,2.0,4.0,4.0
19,11,2025-07-11 17:19:29.106,2,9-16,(2) 아니요,(4) 꽤 확신한다,"(4) 모창 가수(실제 사람)가 부른 후, 후처리(후보정)를 거쳐 제작된 음원으로 보인다.",(2) 별로 확신하지 않는다,(4) 상당한 영향을 미침,(5) 매우 큰 영향을 미침,(4) 상당한 영향을 미침,(4) 상당한 영향을 미침,(3) 다소 영향을 미침,(4) 상당한 영향을 미침,(3) 보통이다,(3) 보통이다,(2) 거의 모른다,0.0,4.0,Other,4.0,2.0,3.0,3.0,2.0,4.0,5.0,4.0,4.0,3.0,4.0
19,11,2025-07-11 17:19:29.106,3,9-16,(2) 아니요,(4) 꽤 확신한다,"(5) 실제 가수가 부른 후, 별도의 후처리(후보정) 없이 라이브로 녹음한 음원으로 보인다.",(3) 보통이다,(3) 다소 영향을 미침,(3) 다소 영향을 미침,(3) 다소 영향을 미침,(5) 매우 큰 영향을 미침,(4) 상당한 영향을 미침,(4) 상당한 영향을 미침,(4) 호감이다,(2) 거의 들어본 적 없다,(2) 거의 모른다,0.0,4.0,Real,5.0,3.0,4.0,2.0,2.0,3.0,3.0,3.0,5.0,4.0,4.0
19,11,2025-07-11 17:19:29.106,4,9-16,(1) 예,(3) 보통이다,"(5) 실제 가수가 부른 후, 별도의 후처리(후보정) 없이 라이브로 녹음한 음원으로 보인다.",(4) 꽤 확신한다,(3) 다소 영향을 미침,(3) 다소 영향을 미침,(4) 상당한 영향을 미침,(5) 매우 큰 영향을 미침,(4) 상당한 영향을 미침,(4) 상당한 영향을 미침,(4) 호감이다,(3) 보통이다,(2) 거의 모른다,1.0,3.0,Real,5.0,4.0,4.0,3.0,2.0,3.0,3.0,4.0,5.0,4.0,4.0
20,13,2025-07-11 17:25:30.828,1,9-16,(2) 아니요,(3) 보통이다,(1) 딥러닝 기반 AI 음성 합성 기술로 생성된 음원으로 보인다.,(3) 보통이다,(3) 다소 영향을 미침,(2) 거의 영향을 미치지 않음,(2) 거의 영향을 미치지 않음,(3) 다소 영향을 미침,(2) 거의 영향을 미치지 않음,(2) 거의 영향을 미치지 않음,(3) 보통이다,(3) 보통이다,(4) 꽤 잘 안다,0.0,3.0,AI,1.0,3.0,3.0,3.0,4.0,3.0,2.0,2.0,3.0,2.0,2.0
20,13,2025-07-11 17:25:30.828,2,9-16,(1) 예,(2) 별로 확신하지 않는다,"(3) 모창 가수(실제 사람)가 부른 후, 별도의 후처리(후보정) 없이 라이브로 녹음한 음원으로 보인다.",(3) 보통이다,(3) 다소 영향을 미침,(2) 거의 영향을 미치지 않음,(3) 다소 영향을 미침,(2) 거의 영향을 미치지 않음,(1) 전혀 영향을 미치지 않음,(2) 거의 영향을 미치지 않음,(3) 보통이다,(4) 자주 듣는다,(4) 꽤 잘 안다,1.0,2.0,Other,3.0,3.0,3.0,4.0,4.0,3.0,2.0,3.0,2.0,1.0,2.0
20,13,2025-07-11 17:25:30.828,3,9-16,(2) 아니요,(4) 꽤 확신한다,"(4) 모창 가수(실제 사람)가 부른 후, 후처리(후보정)를 거쳐 제작된 음원으로 보인다.",(3) 보통이다,(3) 다소 영향을 미침,(3) 다소 영향을 미침,(2) 거의 영향을 미치지 않음,(3) 다소 영향을 미침,(2) 거의 영향을 미치지 않음,(3) 다소 영향을 미침,(3) 보통이다,(3) 보통이다,(4) 꽤 잘 안다,0.0,4.0,Other,4.0,3.0,3.0,3.0,4.0,3.0,3.0,2.0,3.0,2.0,3.0
20,13,2025-07-11 17:25:30.828,4,9-16,(1) 예,(2) 별로 확신하지 않는다,(1) 딥러닝 기반 AI 음성 합성 기술로 생성된 음원으로 보인다.,(4) 꽤 확신한다,(4) 상당한 영향을 미침,(4) 상당한 영향을 미침,(4) 상당한 영향을 미침,(2) 거의 영향을 미치지 않음,(2) 거의 영향을 미치지 않음,(3) 다소 영향을 미침,(2) 불쾌하다,(4) 자주 듣는다,(4) 꽤 잘 안다,1.0,2.0,AI,1.0,4.0,2.0,4.0,4.0,4.0,4.0,4.0,2.0,2.0,3.0
21,12,2025-07-12 18:52:57.713,1,9-16,(2) 아니요,(4) 꽤 확신한다,(1) 딥러닝 기반 AI 음성 합성 기술로 생성된 음원으로 보인다.,(4) 꽤 확신한다,(2) 거의 영향을 미치지 않음,(2) 거의 영향을 미치지 않음,(4) 상당한 영향을 미침,(4) 상당한 영향을 미침,,(5) 매우 큰 영향을 미침,(3) 보통이다,(4) 자주 듣는다,(3) 보통이다,0.0,4.0,AI,1.0,4.0,3.0,4.0,3.0,2.0,2.0,4.0,4.0,,5.0
21,12,2025-07-12 18:52:57.713,2,9-16,(2) 아니요,(3) 보통이다,"(5) 실제 가수가 부른 후, 별도의 후처리(후보정) 없이 라이브로 녹음한 음원으로 보인다.",(4) 꽤 확신한다,(4) 상당한 영향을 미침,(5) 매우 큰 영향을 미침,(5) 매우 큰 영향을 미침,(5) 매우 큰 영향을 미침,(4) 상당한 영향을 미침,(5) 매우 큰 영향을 미침,(4) 호감이다,(3) 보통이다,(3) 보통이다,0.0,3.0,Real,5.0,4.0,4.0,3.0,3.0,4.0,5.0,5.0,5.0,4.0,5.0
21,12,2025-07-12 18:52:57.713,3,9-16,(2) 아니요,(3) 보통이다,"(6) 실제 가수가 부른 후, 후처리(후보정)를 거쳐 제작된 음원으로 보인다.",(3) 보통이다,(3) 다소 영향을 미침,(3) 다소 영향을 미침,(2) 거의 영향을 미치지 않음,(5) 매우 큰 영향을 미침,(3) 다소 영향을 미침,(5) 매우 큰 영향을 미침,(3) 보통이다,(4) 자주 듣는다,(3) 보통이다,0.0,3.0,Real,6.0,3.0,3.0,4.0,3.0,3.0,3.0,2.0,5.0,3.0,5.0
21,12,2025-07-12 18:52:57.713,4,9-16,(2) 아니요,(3) 보통이다,"(4) 모창 가수(실제 사람)가 부른 후, 후처리(후보정)를 거쳐 제작된 음원으로 보인다.",(4) 꽤 확신한다,(3) 다소 영향을 미침,(4) 상당한 영향을 미침,(2) 거의 영향을 미치지 않음,(4) 상당한 영향을 미침,(3) 다소 영향을 미침,(3) 다소 영향을 미침,(3) 보통이다,(3) 보통이다,(3) 보통이다,0.0,3.0,Other,4.0,4.0,3.0,3.0,3.0,3.0,4.0,2.0,4.0,3.0,3.0
22,14,2025-07-12 20:07:29.657,1,9-16,(2) 아니요,(5) 매우 확신한다,"(3) 모창 가수(실제 사람)가 부른 후, 별도의 후처리(후보정) 없이 라이브로 녹음한 음원으로 보인다.",(2) 별로 확신하지 않는다,(3) 다소 영향을 미침,(3) 다소 영향을 미침,(4) 상당한 영향을 미침,(5) 매우 큰 영향을 미침,(3) 다소 영향을 미침,(4) 상당한 영향을 미침,(3) 보통이다,(5) 매우 자주 듣는다,(4) 꽤 잘 안다,0.0,5.0,Other,3.0,2.0,3.0,5.0,4.0,3.0,3.0,4.0,5.0,3.0,4.0
22,14,2025-07-12 20:07:29.657,2,9-16,(2) 아니요,(4) 꽤 확신한다,"(5) 실제 가수가 부른 후, 별도의 후처리(후보정) 없이 라이브로 녹음한 음원으로 보인다.",(2) 별로 확신하지 않는다,(3) 다소 영향을 미침,(3) 다소 영향을 미침,(4) 상당한 영향을 미침,(5) 매우 큰 영향을 미침,(3) 다소 영향을 미침,(4) 상당한 영향을 미침,(3) 보통이다,(4) 자주 듣는다,(4) 꽤 잘 안다,0.0,4.0,Real,5.0,2.0,3.0,4.0,4.0,3.0,3.0,4.0,5.0,3.0,4.0
22,14,2025-07-12 20:07:29.657,3,9-16,(2) 아니요,(5) 매우 확신한다,(1) 딥러닝 기반 AI 음성 합성 기술로 생성된 음원으로 보인다.,(4) 꽤 확신한다,(4) 상당한 영향을 미침,(4) 상당한 영향을 미침,(4) 상당한 영향을 미침,(4) 상당한 영향을 미침,(4) 상당한 영향을 미침,(3) 다소 영향을 미침,(2) 불쾌하다,(5) 매우 자주 듣는다,(4) 꽤 잘 안다,0.0,5.0,AI,1.0,4.0,2.0,5.0,4.0,4.0,4.0,4.0,4.0,4.0,3.0
22,14,2025-07-12 20:07:29.657,4,9-16,(2) 아니요,(5) 매우 확신한다,(1) 딥러닝 기반 AI 음성 합성 기술로 생성된 음원으로 보인다.,(4) 꽤 확신한다,(4) 상당한 영향을 미침,(4) 상당한 영향을 미침,(4) 상당한 영향을 미침,(3) 다소 영향을 미침,(2) 거의 영향을 미치지 않음,(2) 거의 영향을 미치지 않음,(3) 보통이다,(4) 자주 듣는다,(4) 꽤 잘 안다,0.0,5.0,AI,1.0,4.0,3.0,4.0,4.0,4.0,4.0,4.0,3.0,2.0,2.0
23,14,2025-07-12 20:21:08.534,1,9-16,(1) 예,(3) 보통이다,(2) MIDI 기반 음성 합성 엔진(예:보컬로이드) 를 이용해 생선된 음원으로 보인다.,(3) 보통이다,(3) 다소 영향을 미침,(3) 다소 영향을 미침,(3) 다소 영향을 미침,(5) 매우 큰 영향을 미침,(2) 거의 영향을 미치지 않음,(3) 다소 영향을 미침,(2) 불쾌하다,(4) 자주 듣는다,(4) 꽤 잘 안다,1.0,3.0,AI,2.0,3.0,2.0,4.0,4.0,3.0,3.0,3.0,5.0,2.0,3.0
23,14,2025-07-12 20:21:08.534,2,9-16,(2) 아니요,(4) 꽤 확신한다,(2) MIDI 기반 음성 합성 엔진(예:보컬로이드) 를 이용해 생선된 음원으로 보인다.,(3) 보통이다,(2) 거의 영향을 미치지 않음,(4) 상당한 영향을 미침,(3) 다소 영향을 미침,(5) 매우 큰 영향을 미침,(3) 다소 영향을 미침,(4) 상당한 영향을 미침,(3) 보통이다,(4) 자주 듣는다,(3) 보통이다,0.0,4.0,AI,2.0,3.0,3.0,4.0,3.0,2.0,4.0,3.0,5.0,3.0,4.0
23,14,2025-07-12 20:21:08.534,3,9-16,(2) 아니요,(4) 꽤 확신한다,(2) MIDI 기반 음성 합성 엔진(예:보컬로이드) 를 이용해 생선된 음원으로 보인다.,(3) 보통이다,(3) 다소 영향을 미침,(4) 상당한 영향을 미침,(3) 다소 영향을 미침,(5) 매우 큰 영향을 미침,(3) 다소 영향을 미침,(4) 상당한 영향을 미침,(2) 불쾌하다,(4) 자주 듣는다,(4) 꽤 잘 안다,0.0,4.0,AI,2.0,3.0,2.0,4.0,4.0,3.0,4.0,3.0,5.0,3.0,4.0
23,14,2025-07-12 20:21:08.534,4,9-16,(1) 예,(3) 보통이다,(1) 딥러닝 기반 AI 음성 합성 기술로 생성된 음원으로 보인다.,(3) 보통이다,(3) 다소 영향을 미침,(3) 다소 영향을 미침,(4) 상당한 영향을 미침,(4) 상당한 영향을 미침,(3) 다소 영향을 미침,(4) 상당한 영향을 미침,(3) 보통이다,(4) 자주 듣는다,(3) 보통이다,1.0,3.0,AI,1.0,3.0,3.0,4.0,3.0,3.0,3.0,4.0,4.0,3.0,4.0
24,12,2025-07-13 17:51:29.011,1,9-16,(2) 아니요,(2) 별로 확신하지 않는다,(1) 딥러닝 기반 AI 음성 합성 기술로 생성된 음원으로 보인다.,(2) 별로 확신하지 않는다,(3) 다소 영향을 미침,(4) 상당한 영향을 미침,(3) 다소 영향을 미침,(5) 매우 큰 영향을 미침,(1) 전혀 영향을 미치지 않음,(4) 상당한 영향을 미침,(3) 보통이다,(3) 보통이다,(1) 전혀 모른다,0.0,2.0,AI,1.0,2.0,3.0,3.0,1.0,3.0,4.0,3.0,5.0,1.0,4.0
24,12,2025-07-13 17:51:29.011,2,9-16,(2) 아니요,(2) 별로 확신하지 않는다,(1) 딥러닝 기반 AI 음성 합성 기술로 생성된 음원으로 보인다.,(2) 별로 확신하지 않는다,(4) 상당한 영향을 미침,(4) 상당한 영향을 미침,(2) 거의 영향을 미치지 않음,(5) 매우 큰 영향을 미침,(1) 전혀 영향을 미치지 않음,(3) 다소 영향을 미침,(3) 보통이다,(3) 보통이다,(2) 거의 모른다,0.0,2.0,AI,1.0,2.0,3.0,3.0,2.0,4.0,4.0,2.0,5.0,1.0,3.0
24,12,2025-07-13 17:51:29.011,3,9-16,(1) 예,(2) 별로 확신하지 않는다,"(5) 실제 가수가 부른 후, 별도의 후처리(후보정) 없이 라이브로 녹음한 음원으로 보인다.",(2) 별로 확신하지 않는다,(3) 다소 영향을 미침,(4) 상당한 영향을 미침,(4) 상당한 영향을 미침,(5) 매우 큰 영향을 미침,(1) 전혀 영향을 미치지 않음,(4) 상당한 영향을 미침,(3) 보통이다,(3) 보통이다,(1) 전혀 모른다,1.0,2.0,Real,5.0,2.0,3.0,3.0,1.0,3.0,4.0,4.0,5.0,1.0,4.0
24,12,2025-07-13 17:51:29.011,4,9-16,(2) 아니요,(2) 별로 확신하지 않는다,(1) 딥러닝 기반 AI 음성 합성 기술로 생성된 음원으로 보인다.,(2) 별로 확신하지 않는다,(4) 상당한 영향을 미침,(4) 상당한 영향을 미침,(2) 거의 영향을 미치지 않음,(5) 매우 큰 영향을 미침,(1) 전혀 영향을 미치지 않음,(3) 다소 영향을 미침,(2) 불쾌하다,(3) 보통이다,(2) 거의 모른다,0.0,2.0,AI,1.0,2.0,2.0,3.0,2.0,4.0,4.0,2.0,5.0,1.0,3.0
25,10,2025-07-13 19:00:27.091,1,9-16,(2) 아니요,(5) 매우 확신한다,"(6) 실제 가수가 부른 후, 후처리(후보정)를 거쳐 제작된 음원으로 보인다.",(3) 보통이다,(3) 다소 영향을 미침,(3) 다소 영향을 미침,(2) 거의 영향을 미치지 않음,(4) 상당한 영향을 미침,(4) 상당한 영향을 미침,(4) 상당한 영향을 미침,(4) 호감이다,(3) 보통이다,(4) 꽤 잘 안다,0.0,5.0,Real,6.0,3.0,4.0,3.0,4.0,3.0,3.0,2.0,4.0,4.0,4.0
25,10,2025-07-13 19:00:27.091,2,9-16,(2) 아니요,(5) 매우 확신한다,"(4) 모창 가수(실제 사람)가 부른 후, 후처리(후보정)를 거쳐 제작된 음원으로 보인다.",(4) 꽤 확신한다,(5) 매우 큰 영향을 미침,(5) 매우 큰 영향을 미침,(3) 다소 영향을 미침,(4) 상당한 영향을 미침,(3) 다소 영향을 미침,(4) 상당한 영향을 미침,(2) 불쾌하다,(3) 보통이다,(4) 꽤 잘 안다,0.0,5.0,Other,4.0,4.0,2.0,3.0,4.0,5.0,5.0,3.0,4.0,3.0,4.0
25,10,2025-07-13 19:00:27.091,3,9-16,(2) 아니요,(5) 매우 확신한다,"(5) 실제 가수가 부른 후, 별도의 후처리(후보정) 없이 라이브로 녹음한 음원으로 보인다.",(5) 매우 확신한다,(4) 상당한 영향을 미침,(4) 상당한 영향을 미침,(3) 다소 영향을 미침,(5) 매우 큰 영향을 미침,(3) 다소 영향을 미침,(3) 다소 영향을 미침,(2) 불쾌하다,(3) 보통이다,(4) 꽤 잘 안다,0.0,5.0,Real,5.0,5.0,2.0,3.0,4.0,4.0,4.0,3.0,5.0,3.0,3.0
25,10,2025-07-13 19:00:27.091,4,9-16,(2) 아니요,(5) 매우 확신한다,(2) MIDI 기반 음성 합성 엔진(예:보컬로이드) 를 이용해 생선된 음원으로 보인다.,(3) 보통이다,(4) 상당한 영향을 미침,(3) 다소 영향을 미침,(2) 거의 영향을 미치지 않음,(5) 매우 큰 영향을 미침,(3) 다소 영향을 미침,(3) 다소 영향을 미침,(1) 매우 불쾌하다,(3) 보통이다,(4) 꽤 잘 안다,0.0,5.0,AI,2.0,3.0,1.0,3.0,4.0,4.0,3.0,2.0,5.0,3.0,3.0
